-- phpMyAdmin SQL Dump
-- version 4.0.9
-- http://www.phpmyadmin.net
--
-- Host: localhost
-- Generation Time: Feb 04, 2014 at 11:11 PM
-- Server version: 5.6.14
-- PHP Version: 5.5.6

SET SQL_MODE = "NO_AUTO_VALUE_ON_ZERO";
SET time_zone = "+00:00";


/*!40101 SET @OLD_CHARACTER_SET_CLIENT=@@CHARACTER_SET_CLIENT */;
/*!40101 SET @OLD_CHARACTER_SET_RESULTS=@@CHARACTER_SET_RESULTS */;
/*!40101 SET @OLD_COLLATION_CONNECTION=@@COLLATION_CONNECTION */;
/*!40101 SET NAMES utf8 */;

--
-- Database: `project_hy360_db`
--

-- --------------------------------------------------------

--
-- Table structure for table `answered_by`
--

CREATE TABLE IF NOT EXISTS `answered_by` (
  `answered_by_id` int(10) unsigned NOT NULL AUTO_INCREMENT,
  `interpellation_id` int(10) unsigned DEFAULT NULL,
  `minister_id` int(10) unsigned DEFAULT NULL,
  `timestamp` datetime DEFAULT NULL,
  `answer` varchar(300) DEFAULT NULL,
  PRIMARY KEY (`answered_by_id`),
  KEY `fk_answered_by_interpellation_id` (`interpellation_id`),
  KEY `fk_answered_by_minister_id` (`minister_id`)
) ENGINE=InnoDB DEFAULT CHARSET=utf8 AUTO_INCREMENT=1 ;

-- --------------------------------------------------------

--
-- Table structure for table `belongs`
--

CREATE TABLE IF NOT EXISTS `belongs` (
  `belongs_id` int(10) unsigned NOT NULL AUTO_INCREMENT,
  `mp_id` int(10) unsigned DEFAULT NULL,
  `party_id` int(10) unsigned DEFAULT NULL,
  `start_timestamp` datetime DEFAULT NULL,
  `end_timestamp` datetime DEFAULT NULL,
  PRIMARY KEY (`belongs_id`),
  KEY `fk_belongs_mp_id` (`mp_id`),
  KEY `fk_belongs_party_id` (`party_id`)
) ENGINE=InnoDB  DEFAULT CHARSET=utf8 AUTO_INCREMENT=304 ;

--
-- Dumping data for table `belongs`
--

INSERT INTO `belongs` (`belongs_id`, `mp_id`, `party_id`, `start_timestamp`, `end_timestamp`) VALUES
(1, 305, 26, '0000-00-00 00:00:00', '0000-00-00 00:00:00'),
(2, 240, 26, '0000-00-00 00:00:00', '0000-00-00 00:00:00'),
(3, 110, 26, '0000-00-00 00:00:00', '0000-00-00 00:00:00'),
(4, 82, 26, '0000-00-00 00:00:00', '0000-00-00 00:00:00'),
(5, 130, 26, '0000-00-00 00:00:00', '0000-00-00 00:00:00'),
(6, 153, 26, '0000-00-00 00:00:00', '0000-00-00 00:00:00'),
(7, 28, 26, '0000-00-00 00:00:00', '0000-00-00 00:00:00'),
(8, 263, 26, '0000-00-00 00:00:00', '0000-00-00 00:00:00'),
(9, 178, 26, '0000-00-00 00:00:00', '0000-00-00 00:00:00'),
(10, 217, 26, '0000-00-00 00:00:00', '0000-00-00 00:00:00'),
(11, 231, 26, '0000-00-00 00:00:00', '0000-00-00 00:00:00'),
(12, 126, 26, '0000-00-00 00:00:00', '0000-00-00 00:00:00'),
(13, 308, 26, '0000-00-00 00:00:00', '0000-00-00 00:00:00'),
(14, 249, 26, '0000-00-00 00:00:00', '0000-00-00 00:00:00'),
(15, 99, 26, '0000-00-00 00:00:00', '0000-00-00 00:00:00'),
(16, 37, 26, '0000-00-00 00:00:00', '0000-00-00 00:00:00'),
(17, 131, 26, '0000-00-00 00:00:00', '0000-00-00 00:00:00'),
(18, 271, 26, '0000-00-00 00:00:00', '0000-00-00 00:00:00'),
(19, 229, 26, '0000-00-00 00:00:00', '0000-00-00 00:00:00'),
(20, 275, 21, '0000-00-00 00:00:00', '0000-00-00 00:00:00'),
(21, 78, 21, '0000-00-00 00:00:00', '0000-00-00 00:00:00'),
(22, 294, 21, '0000-00-00 00:00:00', '0000-00-00 00:00:00'),
(23, 87, 21, '0000-00-00 00:00:00', '0000-00-00 00:00:00'),
(24, 50, 21, '0000-00-00 00:00:00', '0000-00-00 00:00:00'),
(25, 208, 21, '0000-00-00 00:00:00', '0000-00-00 00:00:00'),
(26, 202, 21, '0000-00-00 00:00:00', '0000-00-00 00:00:00'),
(27, 38, 21, '0000-00-00 00:00:00', '0000-00-00 00:00:00'),
(28, 9, 21, '0000-00-00 00:00:00', '0000-00-00 00:00:00'),
(29, 238, 21, '0000-00-00 00:00:00', '0000-00-00 00:00:00'),
(30, 90, 21, '0000-00-00 00:00:00', '0000-00-00 00:00:00'),
(31, 144, 21, '0000-00-00 00:00:00', '0000-00-00 00:00:00'),
(32, 225, 21, '0000-00-00 00:00:00', '0000-00-00 00:00:00'),
(33, 84, 21, '0000-00-00 00:00:00', '0000-00-00 00:00:00'),
(34, 244, 25, '0000-00-00 00:00:00', '0000-00-00 00:00:00'),
(35, 258, 25, '0000-00-00 00:00:00', '0000-00-00 00:00:00'),
(36, 19, 25, '0000-00-00 00:00:00', '0000-00-00 00:00:00'),
(37, 216, 25, '0000-00-00 00:00:00', '0000-00-00 00:00:00'),
(38, 298, 25, '0000-00-00 00:00:00', '0000-00-00 00:00:00'),
(39, 143, 25, '0000-00-00 00:00:00', '0000-00-00 00:00:00'),
(40, 213, 25, '0000-00-00 00:00:00', '0000-00-00 00:00:00'),
(41, 152, 25, '0000-00-00 00:00:00', '0000-00-00 00:00:00'),
(42, 233, 25, '0000-00-00 00:00:00', '0000-00-00 00:00:00'),
(43, 83, 25, '0000-00-00 00:00:00', '0000-00-00 00:00:00'),
(44, 235, 25, '0000-00-00 00:00:00', '0000-00-00 00:00:00'),
(45, 133, 27, '0000-00-00 00:00:00', '0000-00-00 00:00:00'),
(46, 193, 27, '0000-00-00 00:00:00', '0000-00-00 00:00:00'),
(47, 11, 27, '0000-00-00 00:00:00', '0000-00-00 00:00:00'),
(48, 276, 27, '0000-00-00 00:00:00', '0000-00-00 00:00:00'),
(49, 301, 27, '0000-00-00 00:00:00', '0000-00-00 00:00:00'),
(50, 71, 27, '0000-00-00 00:00:00', '0000-00-00 00:00:00'),
(51, 104, 27, '0000-00-00 00:00:00', '0000-00-00 00:00:00'),
(52, 109, 27, '0000-00-00 00:00:00', '0000-00-00 00:00:00'),
(53, 232, 27, '0000-00-00 00:00:00', '0000-00-00 00:00:00'),
(54, 228, 27, '0000-00-00 00:00:00', '0000-00-00 00:00:00'),
(55, 136, 27, '0000-00-00 00:00:00', '0000-00-00 00:00:00'),
(56, 64, 27, '0000-00-00 00:00:00', '0000-00-00 00:00:00'),
(57, 265, 20, '0000-00-00 00:00:00', '0000-00-00 00:00:00'),
(58, 187, 20, '0000-00-00 00:00:00', '0000-00-00 00:00:00'),
(59, 34, 20, '0000-00-00 00:00:00', '0000-00-00 00:00:00'),
(60, 222, 20, '0000-00-00 00:00:00', '0000-00-00 00:00:00'),
(61, 115, 20, '0000-00-00 00:00:00', '0000-00-00 00:00:00'),
(62, 120, 20, '0000-00-00 00:00:00', '0000-00-00 00:00:00'),
(63, 86, 20, '0000-00-00 00:00:00', '0000-00-00 00:00:00'),
(64, 134, 20, '0000-00-00 00:00:00', '0000-00-00 00:00:00'),
(65, 85, 20, '0000-00-00 00:00:00', '0000-00-00 00:00:00'),
(66, 101, 20, '0000-00-00 00:00:00', '0000-00-00 00:00:00'),
(67, 43, 20, '0000-00-00 00:00:00', '0000-00-00 00:00:00'),
(68, 149, 20, '0000-00-00 00:00:00', '0000-00-00 00:00:00'),
(69, 257, 20, '0000-00-00 00:00:00', '0000-00-00 00:00:00'),
(70, 299, 20, '0000-00-00 00:00:00', '0000-00-00 00:00:00'),
(71, 27, 20, '0000-00-00 00:00:00', '0000-00-00 00:00:00'),
(72, 220, 20, '0000-00-00 00:00:00', '0000-00-00 00:00:00'),
(73, 291, 20, '0000-00-00 00:00:00', '0000-00-00 00:00:00'),
(74, 76, 20, '0000-00-00 00:00:00', '0000-00-00 00:00:00'),
(75, 283, 20, '0000-00-00 00:00:00', '0000-00-00 00:00:00'),
(76, 77, 20, '0000-00-00 00:00:00', '0000-00-00 00:00:00'),
(77, 245, 20, '0000-00-00 00:00:00', '0000-00-00 00:00:00'),
(78, 192, 20, '0000-00-00 00:00:00', '0000-00-00 00:00:00'),
(79, 48, 20, '0000-00-00 00:00:00', '0000-00-00 00:00:00'),
(80, 241, 20, '0000-00-00 00:00:00', '0000-00-00 00:00:00'),
(81, 182, 20, '0000-00-00 00:00:00', '0000-00-00 00:00:00'),
(82, 92, 20, '0000-00-00 00:00:00', '0000-00-00 00:00:00'),
(83, 254, 20, '0000-00-00 00:00:00', '0000-00-00 00:00:00'),
(84, 138, 24, '0000-00-00 00:00:00', '0000-00-00 00:00:00'),
(85, 52, 24, '0000-00-00 00:00:00', '0000-00-00 00:00:00'),
(86, 286, 22, '0000-00-00 00:00:00', '0000-00-00 00:00:00'),
(87, 108, 22, '0000-00-00 00:00:00', '0000-00-00 00:00:00'),
(88, 255, 22, '0000-00-00 00:00:00', '0000-00-00 00:00:00'),
(89, 47, 22, '0000-00-00 00:00:00', '0000-00-00 00:00:00'),
(90, 72, 22, '0000-00-00 00:00:00', '0000-00-00 00:00:00'),
(91, 261, 22, '0000-00-00 00:00:00', '0000-00-00 00:00:00'),
(92, 253, 22, '0000-00-00 00:00:00', '0000-00-00 00:00:00'),
(93, 53, 22, '0000-00-00 00:00:00', '0000-00-00 00:00:00'),
(94, 203, 22, '0000-00-00 00:00:00', '0000-00-00 00:00:00'),
(95, 281, 22, '0000-00-00 00:00:00', '0000-00-00 00:00:00'),
(96, 65, 22, '0000-00-00 00:00:00', '0000-00-00 00:00:00'),
(97, 289, 22, '0000-00-00 00:00:00', '0000-00-00 00:00:00'),
(98, 211, 22, '0000-00-00 00:00:00', '0000-00-00 00:00:00'),
(99, 165, 22, '0000-00-00 00:00:00', '0000-00-00 00:00:00'),
(100, 242, 22, '0000-00-00 00:00:00', '0000-00-00 00:00:00'),
(101, 266, 22, '0000-00-00 00:00:00', '0000-00-00 00:00:00'),
(102, 210, 22, '0000-00-00 00:00:00', '0000-00-00 00:00:00'),
(103, 206, 22, '0000-00-00 00:00:00', '0000-00-00 00:00:00'),
(104, 197, 28, '0000-00-00 00:00:00', '0000-00-00 00:00:00'),
(105, 135, 28, '0000-00-00 00:00:00', '0000-00-00 00:00:00'),
(106, 96, 28, '0000-00-00 00:00:00', '0000-00-00 00:00:00'),
(107, 16, 28, '0000-00-00 00:00:00', '0000-00-00 00:00:00'),
(108, 239, 28, '0000-00-00 00:00:00', '0000-00-00 00:00:00'),
(109, 207, 28, '0000-00-00 00:00:00', '0000-00-00 00:00:00'),
(110, 127, 28, '0000-00-00 00:00:00', '0000-00-00 00:00:00'),
(111, 273, 28, '0000-00-00 00:00:00', '0000-00-00 00:00:00'),
(112, 51, 28, '0000-00-00 00:00:00', '0000-00-00 00:00:00'),
(113, 250, 28, '0000-00-00 00:00:00', '0000-00-00 00:00:00'),
(114, 295, 28, '0000-00-00 00:00:00', '0000-00-00 00:00:00'),
(115, 93, 28, '0000-00-00 00:00:00', '0000-00-00 00:00:00'),
(116, 32, 28, '0000-00-00 00:00:00', '0000-00-00 00:00:00'),
(117, 73, 28, '0000-00-00 00:00:00', '0000-00-00 00:00:00'),
(118, 277, 28, '0000-00-00 00:00:00', '0000-00-00 00:00:00'),
(119, 267, 28, '0000-00-00 00:00:00', '0000-00-00 00:00:00'),
(120, 122, 28, '0000-00-00 00:00:00', '0000-00-00 00:00:00'),
(121, 95, 28, '0000-00-00 00:00:00', '0000-00-00 00:00:00'),
(122, 262, 28, '0000-00-00 00:00:00', '0000-00-00 00:00:00'),
(123, 223, 28, '0000-00-00 00:00:00', '0000-00-00 00:00:00'),
(124, 15, 28, '0000-00-00 00:00:00', '0000-00-00 00:00:00'),
(125, 67, 28, '0000-00-00 00:00:00', '0000-00-00 00:00:00'),
(126, 224, 28, '0000-00-00 00:00:00', '0000-00-00 00:00:00'),
(127, 142, 28, '0000-00-00 00:00:00', '0000-00-00 00:00:00'),
(128, 251, 28, '0000-00-00 00:00:00', '0000-00-00 00:00:00'),
(129, 287, 28, '0000-00-00 00:00:00', '0000-00-00 00:00:00'),
(130, 285, 28, '0000-00-00 00:00:00', '0000-00-00 00:00:00'),
(131, 146, 28, '0000-00-00 00:00:00', '0000-00-00 00:00:00'),
(132, 70, 28, '0000-00-00 00:00:00', '0000-00-00 00:00:00'),
(133, 88, 28, '0000-00-00 00:00:00', '0000-00-00 00:00:00'),
(134, 194, 28, '0000-00-00 00:00:00', '0000-00-00 00:00:00'),
(135, 81, 28, '0000-00-00 00:00:00', '0000-00-00 00:00:00'),
(136, 209, 28, '0000-00-00 00:00:00', '0000-00-00 00:00:00'),
(137, 98, 28, '0000-00-00 00:00:00', '0000-00-00 00:00:00'),
(138, 168, 28, '0000-00-00 00:00:00', '0000-00-00 00:00:00'),
(139, 246, 28, '0000-00-00 00:00:00', '0000-00-00 00:00:00'),
(140, 269, 28, '0000-00-00 00:00:00', '0000-00-00 00:00:00'),
(141, 205, 28, '0000-00-00 00:00:00', '0000-00-00 00:00:00'),
(142, 160, 28, '0000-00-00 00:00:00', '0000-00-00 00:00:00'),
(143, 300, 28, '0000-00-00 00:00:00', '0000-00-00 00:00:00'),
(144, 97, 28, '0000-00-00 00:00:00', '0000-00-00 00:00:00'),
(145, 114, 28, '0000-00-00 00:00:00', '0000-00-00 00:00:00'),
(146, 280, 28, '0000-00-00 00:00:00', '0000-00-00 00:00:00'),
(147, 124, 28, '0000-00-00 00:00:00', '0000-00-00 00:00:00'),
(148, 218, 28, '0000-00-00 00:00:00', '0000-00-00 00:00:00'),
(149, 204, 28, '0000-00-00 00:00:00', '0000-00-00 00:00:00'),
(150, 303, 28, '0000-00-00 00:00:00', '0000-00-00 00:00:00'),
(151, 230, 28, '0000-00-00 00:00:00', '0000-00-00 00:00:00'),
(152, 116, 28, '0000-00-00 00:00:00', '0000-00-00 00:00:00'),
(153, 282, 28, '0000-00-00 00:00:00', '0000-00-00 00:00:00'),
(154, 41, 28, '0000-00-00 00:00:00', '0000-00-00 00:00:00'),
(155, 107, 28, '0000-00-00 00:00:00', '0000-00-00 00:00:00'),
(156, 119, 28, '0000-00-00 00:00:00', '0000-00-00 00:00:00'),
(157, 236, 28, '0000-00-00 00:00:00', '0000-00-00 00:00:00'),
(158, 132, 28, '0000-00-00 00:00:00', '0000-00-00 00:00:00'),
(159, 91, 28, '0000-00-00 00:00:00', '0000-00-00 00:00:00'),
(160, 167, 28, '0000-00-00 00:00:00', '0000-00-00 00:00:00'),
(161, 150, 28, '0000-00-00 00:00:00', '0000-00-00 00:00:00'),
(162, 14, 28, '0000-00-00 00:00:00', '0000-00-00 00:00:00'),
(163, 7, 28, '0000-00-00 00:00:00', '0000-00-00 00:00:00'),
(164, 297, 28, '0000-00-00 00:00:00', '0000-00-00 00:00:00'),
(165, 177, 28, '0000-00-00 00:00:00', '0000-00-00 00:00:00'),
(166, 22, 28, '0000-00-00 00:00:00', '0000-00-00 00:00:00'),
(167, 10, 28, '0000-00-00 00:00:00', '0000-00-00 00:00:00'),
(168, 1, 28, '0000-00-00 00:00:00', '0000-00-00 00:00:00'),
(169, 42, 28, '0000-00-00 00:00:00', '0000-00-00 00:00:00'),
(170, 248, 28, '0000-00-00 00:00:00', '0000-00-00 00:00:00'),
(171, 45, 28, '0000-00-00 00:00:00', '0000-00-00 00:00:00'),
(172, 3, 28, '0000-00-00 00:00:00', '0000-00-00 00:00:00'),
(173, 8, 28, '0000-00-00 00:00:00', '0000-00-00 00:00:00'),
(174, 68, 28, '0000-00-00 00:00:00', '0000-00-00 00:00:00'),
(175, 157, 28, '2013-07-04 00:00:00', '0000-00-00 00:00:00'),
(176, 30, 19, '0000-00-00 00:00:00', '0000-00-00 00:00:00'),
(177, 137, 19, '0000-00-00 00:00:00', '0000-00-00 00:00:00'),
(178, 189, 19, '0000-00-00 00:00:00', '0000-00-00 00:00:00'),
(179, 296, 19, '0000-00-00 00:00:00', '0000-00-00 00:00:00'),
(180, 155, 19, '0000-00-00 00:00:00', '0000-00-00 00:00:00'),
(181, 247, 19, '0000-00-00 00:00:00', '0000-00-00 00:00:00'),
(182, 89, 19, '0000-00-00 00:00:00', '0000-00-00 00:00:00'),
(183, 226, 19, '0000-00-00 00:00:00', '0000-00-00 00:00:00'),
(184, 293, 19, '0000-00-00 00:00:00', '0000-00-00 00:00:00'),
(185, 49, 19, '0000-00-00 00:00:00', '0000-00-00 00:00:00'),
(186, 243, 19, '0000-00-00 00:00:00', '0000-00-00 00:00:00'),
(187, 264, 19, '0000-00-00 00:00:00', '0000-00-00 00:00:00'),
(188, 23, 19, '0000-00-00 00:00:00', '0000-00-00 00:00:00'),
(189, 164, 19, '0000-00-00 00:00:00', '0000-00-00 00:00:00'),
(190, 188, 19, '0000-00-00 00:00:00', '0000-00-00 00:00:00'),
(191, 272, 19, '0000-00-00 00:00:00', '0000-00-00 00:00:00'),
(192, 35, 19, '0000-00-00 00:00:00', '0000-00-00 00:00:00'),
(193, 215, 19, '0000-00-00 00:00:00', '0000-00-00 00:00:00'),
(194, 2, 19, '0000-00-00 00:00:00', '0000-00-00 00:00:00'),
(195, 44, 19, '0000-00-00 00:00:00', '0000-00-00 00:00:00'),
(196, 36, 19, '0000-00-00 00:00:00', '0000-00-00 00:00:00'),
(197, 54, 19, '0000-00-00 00:00:00', '0000-00-00 00:00:00'),
(198, 24, 19, '0000-00-00 00:00:00', '0000-00-00 00:00:00'),
(199, 256, 19, '0000-00-00 00:00:00', '0000-00-00 00:00:00'),
(200, 161, 19, '0000-00-00 00:00:00', '0000-00-00 00:00:00'),
(201, 184, 19, '0000-00-00 00:00:00', '0000-00-00 00:00:00'),
(202, 186, 19, '0000-00-00 00:00:00', '0000-00-00 00:00:00'),
(203, 80, 19, '0000-00-00 00:00:00', '0000-00-00 00:00:00'),
(204, 17, 19, '0000-00-00 00:00:00', '0000-00-00 00:00:00'),
(205, 195, 19, '0000-00-00 00:00:00', '0000-00-00 00:00:00'),
(206, 55, 19, '0000-00-00 00:00:00', '0000-00-00 00:00:00'),
(207, 5, 19, '0000-00-00 00:00:00', '0000-00-00 00:00:00'),
(208, 58, 19, '0000-00-00 00:00:00', '0000-00-00 00:00:00'),
(209, 212, 19, '0000-00-00 00:00:00', '0000-00-00 00:00:00'),
(210, 169, 19, '0000-00-00 00:00:00', '0000-00-00 00:00:00'),
(211, 147, 19, '0000-00-00 00:00:00', '0000-00-00 00:00:00'),
(212, 20, 19, '0000-00-00 00:00:00', '0000-00-00 00:00:00'),
(213, 69, 19, '0000-00-00 00:00:00', '0000-00-00 00:00:00'),
(214, 6, 19, '0000-00-00 00:00:00', '0000-00-00 00:00:00'),
(215, 118, 19, '0000-00-00 00:00:00', '0000-00-00 00:00:00'),
(216, 18, 19, '0000-00-00 00:00:00', '0000-00-00 00:00:00'),
(217, 151, 19, '0000-00-00 00:00:00', '0000-00-00 00:00:00'),
(218, 288, 19, '0000-00-00 00:00:00', '0000-00-00 00:00:00'),
(219, 100, 19, '0000-00-00 00:00:00', '0000-00-00 00:00:00'),
(220, 46, 19, '0000-00-00 00:00:00', '0000-00-00 00:00:00'),
(221, 113, 19, '0000-00-00 00:00:00', '0000-00-00 00:00:00'),
(222, 163, 19, '0000-00-00 00:00:00', '0000-00-00 00:00:00'),
(223, 12, 19, '0000-00-00 00:00:00', '0000-00-00 00:00:00'),
(224, 175, 19, '0000-00-00 00:00:00', '0000-00-00 00:00:00'),
(225, 270, 19, '0000-00-00 00:00:00', '0000-00-00 00:00:00'),
(226, 172, 19, '0000-00-00 00:00:00', '0000-00-00 00:00:00'),
(227, 181, 19, '0000-00-00 00:00:00', '0000-00-00 00:00:00'),
(228, 62, 19, '0000-00-00 00:00:00', '0000-00-00 00:00:00'),
(229, 105, 19, '0000-00-00 00:00:00', '0000-00-00 00:00:00'),
(230, 21, 19, '0000-00-00 00:00:00', '0000-00-00 00:00:00'),
(231, 190, 19, '0000-00-00 00:00:00', '0000-00-00 00:00:00'),
(232, 56, 19, '0000-00-00 00:00:00', '0000-00-00 00:00:00'),
(233, 33, 19, '0000-00-00 00:00:00', '0000-00-00 00:00:00'),
(234, 198, 19, '0000-00-00 00:00:00', '0000-00-00 00:00:00'),
(235, 200, 19, '0000-00-00 00:00:00', '0000-00-00 00:00:00'),
(236, 191, 19, '0000-00-00 00:00:00', '0000-00-00 00:00:00'),
(237, 304, 19, '0000-00-00 00:00:00', '0000-00-00 00:00:00'),
(238, 162, 19, '0000-00-00 00:00:00', '0000-00-00 00:00:00'),
(239, 196, 19, '0000-00-00 00:00:00', '0000-00-00 00:00:00'),
(240, 159, 19, '0000-00-00 00:00:00', '0000-00-00 00:00:00'),
(241, 75, 19, '0000-00-00 00:00:00', '0000-00-00 00:00:00'),
(242, 31, 19, '0000-00-00 00:00:00', '0000-00-00 00:00:00'),
(243, 185, 19, '0000-00-00 00:00:00', '0000-00-00 00:00:00'),
(244, 66, 19, '0000-00-00 00:00:00', '0000-00-00 00:00:00'),
(245, 166, 19, '0000-00-00 00:00:00', '0000-00-00 00:00:00'),
(246, 74, 19, '0000-00-00 00:00:00', '0000-00-00 00:00:00'),
(247, 278, 19, '0000-00-00 00:00:00', '0000-00-00 00:00:00'),
(248, 112, 19, '0000-00-00 00:00:00', '0000-00-00 00:00:00'),
(249, 139, 19, '0000-00-00 00:00:00', '0000-00-00 00:00:00'),
(250, 268, 19, '0000-00-00 00:00:00', '0000-00-00 00:00:00'),
(251, 180, 19, '0000-00-00 00:00:00', '0000-00-00 00:00:00'),
(252, 26, 19, '0000-00-00 00:00:00', '0000-00-00 00:00:00'),
(253, 279, 19, '0000-00-00 00:00:00', '0000-00-00 00:00:00'),
(254, 234, 19, '0000-00-00 00:00:00', '0000-00-00 00:00:00'),
(255, 170, 19, '0000-00-00 00:00:00', '0000-00-00 00:00:00'),
(256, 60, 19, '0000-00-00 00:00:00', '0000-00-00 00:00:00'),
(257, 158, 19, '0000-00-00 00:00:00', '0000-00-00 00:00:00'),
(258, 183, 19, '0000-00-00 00:00:00', '0000-00-00 00:00:00'),
(259, 57, 19, '0000-00-00 00:00:00', '0000-00-00 00:00:00'),
(260, 260, 19, '0000-00-00 00:00:00', '2013-12-11 00:00:00'),
(261, 39, 19, '0000-00-00 00:00:00', '0000-00-00 00:00:00'),
(262, 274, 19, '0000-00-00 00:00:00', '0000-00-00 00:00:00'),
(263, 201, 19, '0000-00-00 00:00:00', '0000-00-00 00:00:00'),
(264, 227, 19, '0000-00-00 00:00:00', '0000-00-00 00:00:00'),
(265, 59, 19, '0000-00-00 00:00:00', '0000-00-00 00:00:00'),
(266, 221, 19, '0000-00-00 00:00:00', '0000-00-00 00:00:00'),
(267, 237, 19, '0000-00-00 00:00:00', '0000-00-00 00:00:00'),
(268, 171, 19, '0000-00-00 00:00:00', '0000-00-00 00:00:00'),
(269, 307, 19, '0000-00-00 00:00:00', '0000-00-00 00:00:00'),
(270, 148, 19, '0000-00-00 00:00:00', '0000-00-00 00:00:00'),
(271, 4, 19, '0000-00-00 00:00:00', '0000-00-00 00:00:00'),
(272, 290, 19, '0000-00-00 00:00:00', '0000-00-00 00:00:00'),
(273, 199, 19, '0000-00-00 00:00:00', '0000-00-00 00:00:00'),
(274, 302, 19, '0000-00-00 00:00:00', '0000-00-00 00:00:00'),
(275, 259, 19, '0000-00-00 00:00:00', '0000-00-00 00:00:00'),
(276, 140, 19, '0000-00-00 00:00:00', '0000-00-00 00:00:00'),
(277, 128, 19, '0000-00-00 00:00:00', '0000-00-00 00:00:00'),
(278, 284, 19, '0000-00-00 00:00:00', '2013-03-28 00:00:00'),
(279, 94, 19, '0000-00-00 00:00:00', '0000-00-00 00:00:00'),
(280, 154, 19, '0000-00-00 00:00:00', '0000-00-00 00:00:00'),
(281, 13, 19, '0000-00-00 00:00:00', '0000-00-00 00:00:00'),
(282, 61, 19, '0000-00-00 00:00:00', '0000-00-00 00:00:00'),
(283, 145, 19, '0000-00-00 00:00:00', '0000-00-00 00:00:00'),
(284, 106, 19, '0000-00-00 00:00:00', '0000-00-00 00:00:00'),
(285, 173, 19, '0000-00-00 00:00:00', '0000-00-00 00:00:00'),
(286, 25, 19, '0000-00-00 00:00:00', '0000-00-00 00:00:00'),
(287, 63, 19, '0000-00-00 00:00:00', '0000-00-00 00:00:00'),
(288, 103, 19, '0000-00-00 00:00:00', '0000-00-00 00:00:00'),
(289, 102, 19, '0000-00-00 00:00:00', '0000-00-00 00:00:00'),
(290, 123, 19, '0000-00-00 00:00:00', '0000-00-00 00:00:00'),
(291, 214, 19, '0000-00-00 00:00:00', '0000-00-00 00:00:00'),
(292, 141, 19, '0000-00-00 00:00:00', '0000-00-00 00:00:00'),
(293, 292, 19, '0000-00-00 00:00:00', '0000-00-00 00:00:00'),
(294, 129, 19, '0000-00-00 00:00:00', '0000-00-00 00:00:00'),
(295, 219, 19, '0000-00-00 00:00:00', '0000-00-00 00:00:00'),
(296, 179, 19, '0000-00-00 00:00:00', '0000-00-00 00:00:00'),
(297, 306, 19, '0000-00-00 00:00:00', '0000-00-00 00:00:00'),
(298, 111, 19, '0000-00-00 00:00:00', '0000-00-00 00:00:00'),
(299, 174, 19, '0000-00-00 00:00:00', '0000-00-00 00:00:00'),
(300, 125, 19, '0000-00-00 00:00:00', '0000-00-00 00:00:00'),
(301, 40, 19, '0000-00-00 00:00:00', '0000-00-00 00:00:00'),
(302, 121, 19, '0000-00-00 00:00:00', '0000-00-00 00:00:00'),
(303, 176, 19, '0000-00-00 00:00:00', '0000-00-00 00:00:00');

-- --------------------------------------------------------

--
-- Table structure for table `elected`
--

CREATE TABLE IF NOT EXISTS `elected` (
  `elected_id` int(10) unsigned NOT NULL AUTO_INCREMENT,
  `mp_id` int(10) unsigned DEFAULT NULL,
  `parliament_cycle_id` int(10) unsigned DEFAULT NULL,
  `constituency` varchar(50) DEFAULT NULL COMMENT 'The electoral district from where the Parliament member was elected.',
  `independence_timestamp` datetime DEFAULT NULL COMMENT 'If this attribute is null, the MP is still belonging to the party with which he was elected. If it has a non-NULL value, this MP has left its party on the specific datetime.',
  PRIMARY KEY (`elected_id`),
  KEY `fk_elected_mp_id` (`mp_id`),
  KEY `fk_elected_parliament_cycle_id` (`parliament_cycle_id`)
) ENGINE=InnoDB  DEFAULT CHARSET=utf8 AUTO_INCREMENT=305 ;

--
-- Dumping data for table `elected`
--

INSERT INTO `elected` (`elected_id`, `mp_id`, `parliament_cycle_id`, `constituency`, `independence_timestamp`) VALUES
(1, 305, 1, 'ΕΠΙΚΡΑΤΕΙΑΣ', '0000-00-00 00:00:00'),
(2, 240, 1, 'Α'' ΑΘΗΝΩΝ', '0000-00-00 00:00:00'),
(3, 110, 1, 'Β'' ΑΘΗΝΩΝ', '0000-00-00 00:00:00'),
(4, 82, 1, 'Β'' ΑΘΗΝΩΝ', '0000-00-00 00:00:00'),
(5, 130, 1, 'ΑΤΤΙΚΗΣ', '0000-00-00 00:00:00'),
(7, 153, 1, 'Β'' ΑΘΗΝΩΝ', '0000-00-00 00:00:00'),
(8, 28, 1, 'Α'' ΘΕΣΣΑΛΟΝΙΚΗΣ', '0000-00-00 00:00:00'),
(9, 263, 1, 'Β'' ΘΕΣΣΑΛΟΝΙΚΗΣ', '0000-00-00 00:00:00'),
(10, 178, 1, 'ΑΙΤΩΛΟΑΚΑΡΝΑΝΙΑΣ', '0000-00-00 00:00:00'),
(11, 217, 1, 'ΑΧΑΙΑΣ', '0000-00-00 00:00:00'),
(12, 231, 1, 'ΕΥΒΟΙΑΣ', '0000-00-00 00:00:00'),
(13, 126, 1, 'ΚΟΡΙΝΘΙΑΣ', '0000-00-00 00:00:00'),
(14, 308, 1, 'ΛΑΡΙΣΗΣ', '0000-00-00 00:00:00'),
(15, 249, 1, 'ΜΑΓΝΗΣΙΑΣ', '0000-00-00 00:00:00'),
(16, 99, 1, 'ΜΕΣΣΗΝΙΑΣ', '0000-00-00 00:00:00'),
(17, 37, 1, 'ΣΕΡΡΩΝ', '0000-00-00 00:00:00'),
(18, 131, 1, 'Β'' ΑΘΗΝΩΝ', '0000-00-00 00:00:00'),
(19, 271, 1, 'ΣΕΡΡΩΝ', '0000-00-00 00:00:00'),
(20, 229, 1, 'Α'' ΠΕΙΡΑΙΩΣ', '0000-00-00 00:00:00'),
(21, 275, 1, 'ΕΠΙΚΡΑΤΕΙΑΣ', '0000-00-00 00:00:00'),
(22, 78, 1, 'Α'' ΑΘΗΝΩΝ', '0000-00-00 00:00:00'),
(23, 294, 1, 'Β'' ΑΘΗΝΩΝ', '0000-00-00 00:00:00'),
(24, 87, 1, 'Β'' ΑΘΗΝΩΝ', '0000-00-00 00:00:00'),
(25, 50, 1, 'ΑΤΤΙΚΗΣ', '0000-00-00 00:00:00'),
(26, 208, 1, 'Α'' ΠΕΙΡΑΙΩΣ', '0000-00-00 00:00:00'),
(27, 202, 1, 'Β'' ΠΕΙΡΑΙΩΣ', '0000-00-00 00:00:00'),
(28, 38, 1, 'Α'' ΘΕΣΣΑΛΟΝΙΚΗΣ', '0000-00-00 00:00:00'),
(29, 9, 1, 'Β'' ΘΕΣΣΑΛΟΝΙΚΗΣ', '0000-00-00 00:00:00'),
(30, 238, 1, 'ΑΧΑΙΑΣ', '0000-00-00 00:00:00'),
(31, 90, 1, 'ΕΥΒΟΙΑΣ', '0000-00-00 00:00:00'),
(32, 144, 1, 'ΛΑΡΙΣΗΣ', '0000-00-00 00:00:00'),
(33, 225, 1, 'ΑΙΤΩΛΟΑΚΑΡΝΑΝΙΑΣ', '0000-00-00 00:00:00'),
(34, 84, 1, 'ΤΡΙΚΑΛΩΝ', '0000-00-00 00:00:00'),
(35, 244, 1, 'Β'' ΑΘΗΝΩΝ', '0000-00-00 00:00:00'),
(36, 258, 1, 'ΜΑΓΝΗΣΙΑΣ', '0000-00-00 00:00:00'),
(37, 19, 1, 'Β'' ΑΘΗΝΩΝ', '0000-00-00 00:00:00'),
(38, 216, 1, 'Β'' ΑΘΗΝΩΝ', '0000-00-00 00:00:00'),
(39, 298, 1, 'ΔΡΑΜΑΣ', '0000-00-00 00:00:00'),
(40, 143, 1, 'ΚΙΛΚΙΣ', '0000-00-00 00:00:00'),
(41, 213, 1, 'ΣΕΡΡΩΝ', '0000-00-00 00:00:00'),
(42, 152, 1, 'Β'' ΠΕΙΡΑΙΩΣ', '0000-00-00 00:00:00'),
(43, 233, 1, 'ΑΧΑΙΑΣ', '0000-00-00 00:00:00'),
(44, 83, 1, 'ΚΟΖΑΝΗΣ', '0000-00-00 00:00:00'),
(45, 235, 1, 'ΦΘΙΩΤΙΔΑΣ', '0000-00-00 00:00:00'),
(46, 133, 1, 'ΕΠΙΚΡΑΤΕΙΑΣ', '0000-00-00 00:00:00'),
(47, 193, 1, 'Α'' ΑΘΗΝΩΝ', '0000-00-00 00:00:00'),
(48, 11, 1, 'Β'' ΑΘΗΝΩΝ', '0000-00-00 00:00:00'),
(49, 276, 1, 'Β'' ΑΘΗΝΩΝ', '0000-00-00 00:00:00'),
(50, 301, 1, 'Β'' ΑΘΗΝΩΝ', '0000-00-00 00:00:00'),
(51, 71, 1, 'ΑΤΤΙΚΗΣ', '0000-00-00 00:00:00'),
(52, 104, 1, 'Β'' ΠΕΙΡΑΙΩΣ', '0000-00-00 00:00:00'),
(53, 109, 1, 'Β'' ΘΕΣΣΑΛΟΝΙΚΗΣ', '0000-00-00 00:00:00'),
(54, 232, 1, 'ΑΙΤΩΛΟΑΚΑΡΝΑΝΙΑΣ', '0000-00-00 00:00:00'),
(55, 228, 1, 'ΑΧΑΙΑΣ', '0000-00-00 00:00:00'),
(56, 136, 1, 'Α'' ΘΕΣΣΑΛΟΝΙΚΗΣ', '0000-00-00 00:00:00'),
(57, 64, 1, 'ΛΑΡΙΣΗΣ', '0000-00-00 00:00:00'),
(58, 265, 1, 'ΕΠΙΚΡΑΤΕΙΑΣ', '0000-00-00 00:00:00'),
(59, 187, 1, 'Α'' ΑΘΗΝΩΝ', '0000-00-00 00:00:00'),
(60, 34, 1, 'Β'' ΑΘΗΝΩΝ', '0000-00-00 00:00:00'),
(61, 222, 1, 'Β'' ΑΘΗΝΩΝ', '0000-00-00 00:00:00'),
(62, 115, 1, 'Α'' ΘΕΣΣΑΛΟΝΙΚΗΣ', '0000-00-00 00:00:00'),
(63, 120, 1, 'ΑΤΤΙΚΗΣ', '0000-00-00 00:00:00'),
(64, 86, 1, 'ΑΧΑΙΑΣ', '0000-00-00 00:00:00'),
(65, 134, 1, 'ΑΙΤΩΛΟΑΚΑΡΝΑΝΙΑΣ', '0000-00-00 00:00:00'),
(66, 85, 1, 'ΕΒΡΟΥ', '0000-00-00 00:00:00'),
(67, 101, 1, 'ΞΑΝΘΗΣ', '0000-00-00 00:00:00'),
(68, 43, 1, 'ΡΟΔΟΠΗΣ', '0000-00-00 00:00:00'),
(69, 149, 1, 'ΧΑΛΚΙΔΙΚΗΣ', '0000-00-00 00:00:00'),
(70, 257, 1, 'ΚΟΖΑΝΗΣ', '0000-00-00 00:00:00'),
(71, 299, 1, 'ΑΡΤΗΣ', '0000-00-00 00:00:00'),
(72, 27, 1, 'ΚΕΡΚΥΡΑΣ', '0000-00-00 00:00:00'),
(73, 220, 1, 'ΙΩΑΝΝΙΝΩΝ', '0000-00-00 00:00:00'),
(74, 291, 1, 'ΛΑΡΙΣΗΣ', '0000-00-00 00:00:00'),
(75, 76, 1, 'ΗΛΕΙΑΣ', '0000-00-00 00:00:00'),
(76, 283, 1, 'ΕΥΒΟΙΑΣ', '0000-00-00 00:00:00'),
(77, 77, 1, 'ΑΡΓΟΛΙΔΟΣ', '0000-00-00 00:00:00'),
(78, 245, 1, 'ΑΡΚΑΔΙΑΣ', '0000-00-00 00:00:00'),
(79, 192, 1, 'ΛΑΚΩΝΙΑΣ', '0000-00-00 00:00:00'),
(80, 48, 1, 'ΗΡΑΚΛΕΙΟΥ', '0000-00-00 00:00:00'),
(81, 241, 1, 'ΛΕΣΒΟΥ', '0000-00-00 00:00:00'),
(82, 182, 1, 'ΧΙΟΥ', '0000-00-00 00:00:00'),
(83, 92, 1, 'ΔΩΔΕΚΑΝΗΣΟΥ', '0000-00-00 00:00:00'),
(84, 254, 1, 'ΚΥΚΛΑΔΩΝ', '0000-00-00 00:00:00'),
(85, 138, 1, 'ΠΕΛΛΑΣ', '2013-11-11 00:00:00'),
(86, 52, 1, 'Β'' ΑΘΗΝΩΝ', '2013-12-21 00:00:00'),
(87, 286, 1, 'ΕΠΙΚΡΑΤΕΙΑΣ', '0000-00-00 00:00:00'),
(88, 108, 1, 'Α'' ΑΘΗΝΩΝ', '0000-00-00 00:00:00'),
(89, 255, 1, 'Β'' ΑΘΗΝΩΝ', '0000-00-00 00:00:00'),
(90, 47, 1, 'Β'' ΑΘΗΝΩΝ', '0000-00-00 00:00:00'),
(91, 72, 1, 'Β'' ΑΘΗΝΩΝ', '0000-00-00 00:00:00'),
(92, 261, 1, 'ΑΤΤΙΚΗΣ', '0000-00-00 00:00:00'),
(93, 253, 1, 'Α'' ΠΕΙΡΑΙΩΣ', '0000-00-00 00:00:00'),
(94, 53, 1, 'Α'' ΘΕΣΣΑΛΟΝΙΚΗΣ', '0000-00-00 00:00:00'),
(95, 203, 1, 'Α'' ΘΕΣΣΑΛΟΝΙΚΗΣ', '0000-00-00 00:00:00'),
(96, 281, 1, 'Β'' ΘΕΣΣΑΛΟΝΙΚΗΣ', '0000-00-00 00:00:00'),
(97, 65, 1, 'ΑΧΑΙΑΣ', '0000-00-00 00:00:00'),
(98, 289, 1, 'ΔΩΔΕΚΑΝΗΣΟΥ', '0000-00-00 00:00:00'),
(99, 211, 1, 'ΕΒΡΟΥ', '0000-00-00 00:00:00'),
(100, 165, 1, 'ΗΜΑΘΙΑΣ', '0000-00-00 00:00:00'),
(101, 242, 1, 'ΗΡΑΚΛΕΙΟΥ', '0000-00-00 00:00:00'),
(102, 266, 1, 'ΚΟΖΑΝΗΣ', '0000-00-00 00:00:00'),
(103, 210, 1, 'ΜΑΓΝΗΣΙΑΣ', '0000-00-00 00:00:00'),
(104, 206, 1, 'ΣΕΡΡΩΝ', '0000-00-00 00:00:00'),
(105, 197, 1, 'ΕΠΙΚΡΑΤΕΙΑΣ', '0000-00-00 00:00:00'),
(106, 135, 1, 'ΕΠΙΚΡΑΤΕΙΑΣ', '0000-00-00 00:00:00'),
(107, 96, 1, 'ΕΠΙΚΡΑΤΕΙΑΣ', '0000-00-00 00:00:00'),
(108, 16, 1, 'Α'' ΑΘΗΝΩΝ', '0000-00-00 00:00:00'),
(109, 239, 1, 'Α'' ΑΘΗΝΩΝ', '0000-00-00 00:00:00'),
(110, 207, 1, 'Α'' ΑΘΗΝΩΝ', '0000-00-00 00:00:00'),
(111, 127, 1, 'Α'' ΑΘΗΝΩΝ', '0000-00-00 00:00:00'),
(112, 273, 1, 'Β'' ΑΘΗΝΩΝ', '0000-00-00 00:00:00'),
(113, 51, 1, 'Β'' ΑΘΗΝΩΝ', '0000-00-00 00:00:00'),
(114, 250, 1, 'Β'' ΑΘΗΝΩΝ', '0000-00-00 00:00:00'),
(115, 295, 1, 'Β'' ΑΘΗΝΩΝ', '0000-00-00 00:00:00'),
(116, 93, 1, 'Β'' ΑΘΗΝΩΝ', '0000-00-00 00:00:00'),
(117, 32, 1, 'Β'' ΑΘΗΝΩΝ', '0000-00-00 00:00:00'),
(118, 73, 1, 'Β'' ΑΘΗΝΩΝ', '0000-00-00 00:00:00'),
(119, 277, 1, 'Β'' ΑΘΗΝΩΝ', '0000-00-00 00:00:00'),
(120, 267, 1, 'Β'' ΑΘΗΝΩΝ', '0000-00-00 00:00:00'),
(121, 122, 1, 'Β'' ΑΘΗΝΩΝ', '0000-00-00 00:00:00'),
(122, 95, 1, 'Β'' ΑΘΗΝΩΝ', '0000-00-00 00:00:00'),
(123, 262, 1, 'Β'' ΑΘΗΝΩΝ', '0000-00-00 00:00:00'),
(124, 223, 1, 'Β'' ΑΘΗΝΩΝ', '0000-00-00 00:00:00'),
(125, 15, 1, 'ΑΤΤΙΚΗΣ', '0000-00-00 00:00:00'),
(126, 67, 1, 'ΑΤΤΙΚΗΣ', '0000-00-00 00:00:00'),
(127, 224, 1, 'ΑΤΤΙΚΗΣ', '0000-00-00 00:00:00'),
(128, 142, 1, 'Α'' ΠΕΙΡΑΙΩΣ', '0000-00-00 00:00:00'),
(129, 251, 1, 'Β'' ΠΕΙΡΑΙΩΣ', '0000-00-00 00:00:00'),
(130, 287, 1, 'Β'' ΠΕΙΡΑΙΩΣ', '0000-00-00 00:00:00'),
(131, 285, 1, 'Α'' ΘΕΣΣΑΛΟΝΙΚΗΣ', '0000-00-00 00:00:00'),
(132, 146, 1, 'Α'' ΘΕΣΣΑΛΟΝΙΚΗΣ', '0000-00-00 00:00:00'),
(133, 70, 1, 'Α'' ΘΕΣΣΑΛΟΝΙΚΗΣ', '0000-00-00 00:00:00'),
(134, 88, 1, 'Α'' ΘΕΣΣΑΛΟΝΙΚΗΣ', '0000-00-00 00:00:00'),
(135, 194, 1, 'Β'' ΘΕΣΣΑΛΟΝΙΚΗΣ', '0000-00-00 00:00:00'),
(136, 81, 1, 'ΑΙΤΩΛΟΑΚΑΡΝΑΝΙΑΣ', '0000-00-00 00:00:00'),
(137, 209, 1, 'ΑΙΤΩΛΟΑΚΑΡΝΑΝΙΑΣ', '0000-00-00 00:00:00'),
(138, 98, 1, 'ΑΡΓΟΛΙΔΟΣ', '0000-00-00 00:00:00'),
(139, 168, 1, 'ΑΡΚΑΔΙΑΣ', '0000-00-00 00:00:00'),
(140, 246, 1, 'ΑΡΤΗΣ', '0000-00-00 00:00:00'),
(141, 269, 1, 'ΑΧΑΙΑΣ', '0000-00-00 00:00:00'),
(142, 205, 1, 'ΑΧΑΙΑΣ', '0000-00-00 00:00:00'),
(143, 160, 1, 'ΒΟΙΩΤΙΑΣ', '0000-00-00 00:00:00'),
(144, 300, 1, 'ΔΡΑΜΑΣ', '0000-00-00 00:00:00'),
(145, 97, 1, 'ΔΩΔΕΚΑΝΗΣΟΥ', '0000-00-00 00:00:00'),
(146, 114, 1, 'ΕΥΒΟΙΑΣ', '0000-00-00 00:00:00'),
(147, 280, 1, 'ΖΑΚΥΝΘΟΥ', '0000-00-00 00:00:00'),
(148, 124, 1, 'ΗΛΕΙΑΣ', '0000-00-00 00:00:00'),
(149, 218, 1, 'ΗΡΑΚΛΕΙΟΥ', '0000-00-00 00:00:00'),
(150, 204, 1, 'ΗΡΑΚΛΕΙΟΥ', '0000-00-00 00:00:00'),
(151, 303, 1, 'ΙΩΑΝΝΙΝΩΝ', '0000-00-00 00:00:00'),
(152, 230, 1, 'ΚΑΡΔΙΤΣΑΣ', '0000-00-00 00:00:00'),
(153, 116, 1, 'ΚΑΣΤΟΡΙΑΣ', '0000-00-00 00:00:00'),
(154, 282, 1, 'ΚΕΡΚΥΡΑΣ', '0000-00-00 00:00:00'),
(155, 41, 1, 'ΚΕΦΑΛΛΗΝΙΑΣ', '0000-00-00 00:00:00'),
(156, 107, 1, 'ΚΙΛΚΙΣ', '0000-00-00 00:00:00'),
(157, 119, 1, 'ΚΟΖΑΝΗΣ', '0000-00-00 00:00:00'),
(158, 236, 1, 'ΚΥΚΛΑΔΩΝ', '0000-00-00 00:00:00'),
(159, 132, 1, 'ΛΑΡΙΣΗΣ', '0000-00-00 00:00:00'),
(160, 91, 1, 'ΛΑΡΙΣΗΣ', '0000-00-00 00:00:00'),
(161, 167, 1, 'ΛΑΣΙΘΙΟΥ', '0000-00-00 00:00:00'),
(162, 150, 1, 'ΛΕΣΒΟΥ', '0000-00-00 00:00:00'),
(163, 14, 1, 'ΜΑΓΝΗΣΙΑΣ', '0000-00-00 00:00:00'),
(164, 7, 1, 'ΜΕΣΣΗΝΙΑΣ', '0000-00-00 00:00:00'),
(165, 297, 1, 'ΞΑΝΘΗΣ', '0000-00-00 00:00:00'),
(166, 177, 1, 'ΠΡΕΒΕΖΗΣ', '0000-00-00 00:00:00'),
(167, 22, 1, 'ΡΕΘΥΜΝΟΥ', '0000-00-00 00:00:00'),
(168, 10, 1, 'ΡΟΔΟΠΗΣ', '0000-00-00 00:00:00'),
(169, 1, 1, 'ΣΑΜΟΣ', '0000-00-00 00:00:00'),
(170, 42, 1, 'ΣΕΡΡΩΝ', '0000-00-00 00:00:00'),
(171, 248, 1, 'ΤΡΙΚΑΛΩΝ', '0000-00-00 00:00:00'),
(172, 45, 1, 'ΦΘΙΩΤΙΔΑΣ', '0000-00-00 00:00:00'),
(173, 3, 1, 'ΦΛΩΡΙΝΗΣ', '0000-00-00 00:00:00'),
(174, 8, 1, 'ΧΑΛΚΙΔΙΚΗΣ', '0000-00-00 00:00:00'),
(175, 68, 1, 'ΧΑΝΙΩΝ', '0000-00-00 00:00:00'),
(176, 157, 1, 'ΗΡΑΚΛΕΙΟΥ', '0000-00-00 00:00:00'),
(177, 30, 1, 'ΜΕΣΣΗΝΙΑΣ', '0000-00-00 00:00:00'),
(178, 137, 1, 'ΕΠΙΚΡΑΤΕΙΑΣ', '0000-00-00 00:00:00'),
(179, 189, 1, 'ΕΠΙΚΡΑΤΕΙΑΣ', '0000-00-00 00:00:00'),
(180, 296, 1, 'ΕΠΙΚΡΑΤΕΙΑΣ', '0000-00-00 00:00:00'),
(181, 155, 1, 'ΕΠΙΚΡΑΤΕΙΑΣ', '0000-00-00 00:00:00'),
(182, 247, 1, 'Α'' ΑΘΗΝΩΝ', '0000-00-00 00:00:00'),
(183, 89, 1, 'Α'' ΑΘΗΝΩΝ', '0000-00-00 00:00:00'),
(184, 226, 1, 'Α'' ΑΘΗΝΩΝ', '0000-00-00 00:00:00'),
(185, 293, 1, 'Α'' ΑΘΗΝΩΝ', '0000-00-00 00:00:00'),
(186, 49, 1, 'Α'' ΑΘΗΝΩΝ', '0000-00-00 00:00:00'),
(187, 243, 1, 'Α'' ΑΘΗΝΩΝ', '0000-00-00 00:00:00'),
(188, 264, 1, 'Α'' ΑΘΗΝΩΝ', '0000-00-00 00:00:00'),
(189, 23, 1, 'Α'' ΑΘΗΝΩΝ', '0000-00-00 00:00:00'),
(190, 164, 1, 'Β'' ΑΘΗΝΩΝ', '0000-00-00 00:00:00'),
(191, 188, 1, 'Β'' ΑΘΗΝΩΝ', '0000-00-00 00:00:00'),
(192, 272, 1, 'Β'' ΑΘΗΝΩΝ', '0000-00-00 00:00:00'),
(193, 35, 1, 'Β'' ΑΘΗΝΩΝ', '0000-00-00 00:00:00'),
(194, 215, 1, 'Β'' ΑΘΗΝΩΝ', '0000-00-00 00:00:00'),
(195, 2, 1, 'Β'' ΑΘΗΝΩΝ', '0000-00-00 00:00:00'),
(196, 44, 1, 'Β'' ΑΘΗΝΩΝ', '0000-00-00 00:00:00'),
(197, 36, 1, 'Β'' ΑΘΗΝΩΝ', '0000-00-00 00:00:00'),
(198, 54, 1, 'Β'' ΑΘΗΝΩΝ', '0000-00-00 00:00:00'),
(199, 24, 1, 'Β'' ΑΘΗΝΩΝ', '0000-00-00 00:00:00'),
(200, 256, 1, 'Β'' ΑΘΗΝΩΝ', '0000-00-00 00:00:00'),
(201, 161, 1, 'Β'' ΑΘΗΝΩΝ', '0000-00-00 00:00:00'),
(202, 184, 1, 'Α'' ΠΕΙΡΑΙΩΣ', '0000-00-00 00:00:00'),
(203, 186, 1, 'Α'' ΠΕΙΡΑΙΩΣ', '0000-00-00 00:00:00'),
(204, 80, 1, 'Β'' ΠΕΙΡΑΙΩΣ', '0000-00-00 00:00:00'),
(205, 17, 1, 'Β'' ΠΕΙΡΑΙΩΣ', '0000-00-00 00:00:00'),
(206, 195, 1, 'ΑΤΤΙΚΗΣ', '0000-00-00 00:00:00'),
(207, 55, 1, 'ΑΤΤΙΚΗΣ', '0000-00-00 00:00:00'),
(208, 5, 1, 'ΑΤΤΙΚΗΣ', '0000-00-00 00:00:00'),
(209, 58, 1, 'ΑΤΤΙΚΗΣ', '0000-00-00 00:00:00'),
(210, 212, 1, 'ΑΙΤΩΛΟΑΚΑΡΝΑΝΙΑΣ', '0000-00-00 00:00:00'),
(211, 169, 1, 'ΑΙΤΩΛΟΑΚΑΡΝΑΝΙΑΣ', '0000-00-00 00:00:00'),
(212, 147, 1, 'ΑΡΓΟΛΙΔΟΣ', '0000-00-00 00:00:00'),
(213, 20, 1, 'ΑΡΚΑΔΙΑΣ', '0000-00-00 00:00:00'),
(214, 69, 1, 'ΑΡΤΗΣ', '0000-00-00 00:00:00'),
(215, 6, 1, 'ΑΧΑΙΑΣ', '0000-00-00 00:00:00'),
(216, 118, 1, 'ΒΟΙΩΤΙΑΣ', '0000-00-00 00:00:00'),
(217, 18, 1, 'ΒΟΙΩΤΙΑΣ', '0000-00-00 00:00:00'),
(218, 151, 1, 'ΒΟΙΩΤΙΑΣ', '0000-00-00 00:00:00'),
(219, 176, 1, 'ΧΙΟΥ', '0000-00-00 00:00:00'),
(220, 290, 1, 'ΛΑΚΩΝΙΑΣ', '0000-00-00 00:00:00'),
(221, 292, 1, 'ΣΕΡΡΩΝ', '0000-00-00 00:00:00'),
(222, 260, 1, 'ΚΑΡΔΙΤΣΗΣ', '0000-00-00 00:00:00'),
(223, 259, 1, 'ΛΕΣΒΟΥ', '0000-00-00 00:00:00'),
(224, 284, 1, 'ΜΑΓΝΗΣΙΑΣ', '0000-00-00 00:00:00'),
(225, 219, 1, 'ΤΡΙΚΑΛΩΝ', '0000-00-00 00:00:00'),
(226, 214, 1, 'ΣΕΡΡΩΝ', '0000-00-00 00:00:00'),
(227, 173, 1, 'ΠΙΕΡΙΑΣ', '0000-00-00 00:00:00'),
(228, 158, 1, 'ΚΑΒΑΛΑΣ', '0000-00-00 00:00:00'),
(229, 141, 1, 'ΣΕΡΡΩΝ', '0000-00-00 00:00:00'),
(230, 113, 1, 'ΔΩΔΕΚΑΝΗΣΟΥ', '0000-00-00 00:00:00'),
(231, 100, 1, 'ΔΡΑΜΑΣ', '0000-00-00 00:00:00'),
(232, 57, 1, 'ΚΑΡΔΙΤΣΗΣ', '0000-00-00 00:00:00'),
(233, 145, 1, 'ΠΕΛΛΗΣ', '0000-00-00 00:00:00'),
(234, 159, 1, 'ΛΑΣΙΘΙΟΥ', '0000-00-00 00:00:00'),
(235, 74, 1, 'Α'' ΘΕΣΣΑΛΟΝΙΚΗΣ', '0000-00-00 00:00:00'),
(236, 270, 1, 'ΕΥΒΟΙΑΣ', '0000-00-00 00:00:00'),
(237, 199, 1, 'ΛΑΡΙΣΗΣ', '0000-00-00 00:00:00'),
(238, 62, 1, 'ΗΛΕΙΑΣ', '0000-00-00 00:00:00'),
(239, 171, 1, 'ΚΟΡΙΝΘΙΑΣ', '0000-00-00 00:00:00'),
(240, 33, 1, 'ΗΜΑΘΙΑΣ', '0000-00-00 00:00:00'),
(241, 185, 1, 'Α'' ΘΕΣΣΑΛΟΝΙΚΗΣ', '0000-00-00 00:00:00'),
(242, 13, 1, 'ΞΑΝΘΗΣ', '0000-00-00 00:00:00'),
(243, 304, 1, 'ΧΑΝΙΩΝ', '0000-00-00 00:00:00'),
(244, 278, 1, 'Α'' ΘΕΣΣΑΛΟΝΙΚΗΣ', '0000-00-00 00:00:00'),
(245, 234, 1, 'ΚΑΒΑΛΑΣ', '0000-00-00 00:00:00'),
(246, 227, 1, 'ΚΕΡΚΥΡΑΣ', '0000-00-00 00:00:00'),
(247, 190, 1, 'ΗΜΑΘΙΑΣ', '0000-00-00 00:00:00'),
(248, 181, 1, 'ΗΛΕΙΑΣ', '0000-00-00 00:00:00'),
(249, 180, 1, 'ΙΩΑΝΝΙΝΩΝ', '0000-00-00 00:00:00'),
(250, 174, 1, 'ΦΘΙΩΤΙΔΑΣ', '0000-00-00 00:00:00'),
(251, 166, 1, 'Α'' ΘΕΣΣΑΛΟΝΙΚΗΣ', '0000-00-00 00:00:00'),
(252, 154, 1, 'ΜΕΣΣΗΝΙΑΣ', '0000-00-00 00:00:00'),
(253, 123, 1, 'ΡΟΔΟΠΗΣ', '0000-00-00 00:00:00'),
(254, 75, 1, 'ΡΕΘΥΜΝΟΥ', '0000-00-00 00:00:00'),
(255, 59, 1, 'ΚΙΛΚΙΣ', '0000-00-00 00:00:00'),
(256, 46, 1, 'ΔΩΔΕΚΑΝΗΣΟΥ', '0000-00-00 00:00:00'),
(257, 4, 1, 'ΛΑΚΩΝΙΑΣ', '0000-00-00 00:00:00'),
(258, 307, 1, 'ΚΟΡΙΝΘΙΑΣ', '0000-00-00 00:00:00'),
(259, 94, 1, 'ΜΕΣΣΗΝΙΑΣ', '0000-00-00 00:00:00'),
(260, 221, 1, 'ΚΟΖΑΝΗΣ', '0000-00-00 00:00:00'),
(261, 140, 1, 'ΛΕΥΚΑΔΟΣ', '0000-00-00 00:00:00'),
(262, 288, 1, 'ΓΡΕΒΕΝΩΝ', '0000-00-00 00:00:00'),
(263, 179, 1, 'ΤΡΙΚΑΛΩΝ', '0000-00-00 00:00:00'),
(264, 121, 1, 'ΧΑΛΚΙΔΙΚΗΣ', '0000-00-00 00:00:00'),
(265, 302, 1, 'ΛΑΡΙΣΗΣ', '0000-00-00 00:00:00'),
(266, 183, 1, 'ΚΑΡΔΙΤΣΗΣ', '0000-00-00 00:00:00'),
(267, 175, 1, 'ΕΥΒΟΙΑΣ', '0000-00-00 00:00:00'),
(268, 163, 1, 'ΕΒΡΟΥ', '0000-00-00 00:00:00'),
(269, 162, 1, 'ΧΑΝΙΩΝ', '0000-00-00 00:00:00'),
(270, 103, 1, 'ΠΙΕΡΙΑΣ', '0000-00-00 00:00:00'),
(271, 63, 1, 'ΠΙΕΡΙΑΣ', '0000-00-00 00:00:00'),
(272, 31, 1, 'ΘΕΣΠΡΩΤΙΑΣ', '0000-00-00 00:00:00'),
(273, 66, 1, 'Α'' ΘΕΣΣΑΛΟΝΙΚΗΣ', '0000-00-00 00:00:00'),
(274, 274, 1, 'ΚΑΡΔΙΤΣΗΣ', '0000-00-00 00:00:00'),
(275, 306, 1, 'ΦΘΙΩΤΙΔΑΣ', '0000-00-00 00:00:00'),
(276, 268, 1, 'Β'' ΘΕΣΣΑΛΟΝΙΚΗΣ', '0000-00-00 00:00:00'),
(277, 198, 1, 'ΗΡΑΚΛΕΙΟΥ', '0000-00-00 00:00:00'),
(278, 196, 1, 'ΧΑΝΙΩΝ', '0000-00-00 00:00:00'),
(279, 172, 1, 'ΕΥΡΥΤΑΝΙΑΣ', '0000-00-00 00:00:00'),
(280, 170, 1, 'ΚΑΒΑΛΑΣ', '0000-00-00 00:00:00'),
(281, 139, 1, 'Β'' ΘΕΣΣΑΛΟΝΙΚΗΣ', '0000-00-00 00:00:00'),
(282, 61, 1, 'ΠΕΛΛΗΣ', '0000-00-00 00:00:00'),
(283, 279, 1, 'ΙΩΑΝΝΙΝΩΝ', '0000-00-00 00:00:00'),
(284, 237, 1, 'ΚΟΡΙΝΘΙΑΣ', '0000-00-00 00:00:00'),
(285, 200, 1, 'ΗΡΑΚΛΕΙΟΥ', '0000-00-00 00:00:00'),
(286, 106, 1, 'ΠΕΛΛΗΣ', '0000-00-00 00:00:00'),
(287, 102, 1, 'ΠΡΕΒΕΖΗΣ', '0000-00-00 00:00:00'),
(288, 12, 1, 'ΕΒΡΟΥ', '0000-00-00 00:00:00'),
(289, 191, 1, 'ΗΡΑΚΛΕΙΟΥ', '0000-00-00 00:00:00'),
(290, 129, 1, 'ΤΡΙΚΑΛΩΝ', '0000-00-00 00:00:00'),
(291, 148, 1, 'ΚΥΚΛΑΔΩΝ', '0000-00-00 00:00:00'),
(292, 125, 1, 'ΦΛΩΡΙΝΗΣ', '0000-00-00 00:00:00'),
(293, 21, 1, 'ΗΛΕΙΑΣ', '0000-00-00 00:00:00'),
(294, 60, 1, 'ΚΑΒΑΛΑΣ', '0000-00-00 00:00:00'),
(295, 40, 1, 'ΦΩΚΙΔΟΣ', '0000-00-00 00:00:00'),
(296, 201, 1, 'ΚΑΣΤΟΡΙΑΣ', '0000-00-00 00:00:00'),
(297, 128, 1, 'ΜΑΓΝΗΣΙΑΣ', '0000-00-00 00:00:00'),
(298, 105, 1, 'ΗΛΕΙΑΣ', '0000-00-00 00:00:00'),
(299, 25, 1, 'ΠΙΕΡΙΑΣ', '0000-00-00 00:00:00'),
(300, 111, 1, 'ΦΘΙΩΤΙΔΑΣ', '0000-00-00 00:00:00'),
(301, 56, 1, 'ΗΜΑΘΙΑΣ', '0000-00-00 00:00:00'),
(302, 112, 1, 'Α'' ΘΕΣΣΑΛΟΝΙΚΗΣ', '0000-00-00 00:00:00'),
(303, 39, 1, 'ΚΑΡΔΙΤΣΗΣ', '0000-00-00 00:00:00'),
(304, 26, 1, 'ΙΩΑΝΝΙΝΩΝ', '0000-00-00 00:00:00');

-- --------------------------------------------------------

--
-- Table structure for table `governments`
--

CREATE TABLE IF NOT EXISTS `governments` (
  `government_id` int(10) unsigned NOT NULL AUTO_INCREMENT,
  `parliament_cycle_id` int(10) unsigned DEFAULT NULL,
  `prime_minister_id` int(10) unsigned DEFAULT NULL,
  PRIMARY KEY (`government_id`),
  KEY `fk_governments_parliament_cycle_id` (`parliament_cycle_id`),
  KEY `fk_governments_prime_minister_id` (`prime_minister_id`)
) ENGINE=InnoDB  DEFAULT CHARSET=utf8 COMMENT='Represents governments.' AUTO_INCREMENT=2 ;

--
-- Dumping data for table `governments`
--

INSERT INTO `governments` (`government_id`, `parliament_cycle_id`, `prime_minister_id`) VALUES
(1, 1, 1);

-- --------------------------------------------------------

--
-- Table structure for table `interpellations`
--

CREATE TABLE IF NOT EXISTS `interpellations` (
  `interpellation_id` int(10) unsigned NOT NULL AUTO_INCREMENT,
  `description` varchar(300) DEFAULT NULL,
  `category` varchar(50) DEFAULT NULL,
  `parliament_session_id` int(10) unsigned DEFAULT NULL,
  `mp_id` int(10) unsigned DEFAULT NULL COMMENT 'The Member of Parliament who submitted the interpellation.',
  PRIMARY KEY (`interpellation_id`),
  KEY `fk_interpellations_parliament_session_id` (`parliament_session_id`),
  KEY `fk_interpellations_mp_id` (`mp_id`)
) ENGINE=InnoDB  DEFAULT CHARSET=utf8 COMMENT='Represents interpellations (eperwtiseis) of MPs to the government members.\n\nInterpellation is the formal right of a parliament to submit formal questions to the government. The respective minister or secretary is then required to respond and to justify government policy. Interpellation thus allows the parliament to supervise the government`s activity.' AUTO_INCREMENT=49 ;

--
-- Dumping data for table `interpellations`
--

INSERT INTO `interpellations` (`interpellation_id`, `description`, `category`, `parliament_session_id`, `mp_id`) VALUES
(2, 'Εφαρμογή του θεσμικού πλαισίου των υιοθεσιών και της προστασίας των παιδιών', 'ΔΙΚΑΙΟΣΥΝΗ', 1, 161),
(3, 'Χώρος Ανεξέλεγκτης Διάθεσης Αποβλήτων (ΧΑΔΑ)', 'ΠΕΡΙΒΑΛΛΟΝ', 1, 124),
(4, 'διαδικασία αντικατάστασης και τοποθέτησης νέων διοικήσεων στα Νοσοκομεία', 'ΥΓΕΙΑ', 1, 34),
(5, 'άρνηση άσκησης Κοινοβουλευτικού Ελέγχου από τον Υπουργό Δημόσιας Τάξης σε Βουλευτές του ΛΑΪΚΟΥ ΣΥΝΔΕΣΜΟΥ – ΧΡΥΣΗ ΑΥΓΗ', 'ΔΙΚΑΙΟΣΥΝΗ', 1, 217),
(6, 'προβλήματα στα ειδικά σχολεία της Χώρας', 'ΠΑΙΔΕΙΑ', 1, 50),
(7, 'ένταση των διώξεων και των καταδικών σε βάρος του εργατικού και λαϊκού κινήματος', 'ΔΙΚΑΙΟΣΥΝΗ', 1, 133),
(8, 'προβλήματα λειτουργίας του Νοσοκομείου Άρτας.', 'ΥΓΕΙΑ', 1, 232),
(9, 'διαθεσιμότητα  καθηγητή του Πανεπιστημίου Θεσσαλίας Κωνσταντίνος Κάππας', 'ΠΑΙΔΕΙΑ', 2, 285),
(10, 'Κέντρου Υγείας Τροπαίων', 'ΠΑΙΔΕΙΑ', 2, 245),
(11, 'φημολογία εκχώρησης των λεγόμενων «κόκκινων δανείων» ελλήνων οφειλετών στο 10% του υπολοίπου της οφειλής τους', 'ΟΙΚΟΝΟΜΙΑ', 2, 165),
(12, 'μείωση των απολαβών των Βουλευτών και την περικοπή των προνομίων τους', 'ΟΙΚΟΝΟΜΙΑ', 2, 130),
(13, 'αντιμετώπιση των προβλημάτων των ογκολογικών ασθενών ως προς τις παρεχόμενες υπηρεσίες στα Δημόσια Νοσοκομεία', 'ΥΓΕΙΑ', 2, 275),
(14, 'κατάργηση της Σχολής Καλών Τεχνών του Πύργου της Τήνου', 'ΠΑΙΔΕΙΑ', 2, 236),
(15, 'λειτουργία των Επαγγελματικών Λυκείων (ΕΠΑΛ).', 'ΠΑΙΔΕΙΑ', 2, 85),
(16, 'Δημοτικό άλσος Αρμάτας Σπετσών', 'ΠΕΡΙΒΑΛΛΟΝ', 2, 208),
(17, 'ομολογία του γραφείου εσωτερικού ελέγχου του Διεθνούς Νομισματικού Ταμείου ότι το ελληνικό Μνημόνιο του 2010 δεν πληρούσε τους όρους του καταστατικού του Ταμείου.', 'ΟΙΚΟΝΟΜΙΑ', 3, 277),
(18, 'ανάγκη ένταξης του Νομού Ιωαννίνων στην Α΄ Ζώνη για το επίδομα του πετρελαίου θέρμανσης', 'ΟΙΚΟΝΟΜΙΑ', 3, 220),
(19, 'ατάργηση της επιτροπής επίλυσης φορολογικών διαφορών του άρθρου 70α', 'ΟΙΚΟΝΟΜΙΑ', 3, 90),
(20, 'μείωση του κόστους των Ανεξάρτητων Αρχών', 'ΟΙΚΟΝΟΜΙΑ', 3, 293),
(21, 'σχεδιαζόμενη όδευση του Αδριατικού Αγωγού Φυσικού Αερίου (ΤΑΡ) από τα Τενάγη Φιλίππων', 'ΠΕΡΙΒΑΛΛΟΝ', 3, 9),
(22, 'καθυστέρηση στην έκδοση της «πράξης βεβαίωσης παράβασης» της Ειδικής Υπηρεσίας Επιθεωρητών Περιβάλλοντος για το έργο κατασκευής της «Ολοκληρωμένης Εγκατάστασης Διαχείρισης Αποβλήτων» στο «Μαύρο Βουνό» Γραμματικού.', 'ΠΕΡΙΒΑΛΛΟΝ', 4, 67),
(23, 'δημοσιεύματα περί αδήλωτων ποσών που μεταφέρθηκαν στο εξωτερικό από εταιρείες τύπου «WESTERN UNION»', 'ΟΙΚΟΝΟΜΙΑ', 4, 47),
(24, 'μετάταξη 15 υγειονομικών υπαλλήλων από τη Θεσσαλονίκη στην Αθήνα.', 'ΟΙΚΟΝΟΜΙΑ', 4, 136),
(25, 'σχετικά με τους ελέγχους στο Μητροπολιτικό Κοινωνικό Ιατρείο Ελληνικού και το Ιατρείο των «Γιατρών του Κόσμου».', 'ΥΓΕΙΑ', 4, 51),
(26, 'ανάγκη κάλυψης των κενών στη Δευτεροβάθμια και Πρωτοβάθμια εκπαίδευση με διορισμούς μόνιμων εκπαιδευτικών.', 'ΠΑΙΔΕΙΑ', 4, 64),
(27, 'κατάργηση των οδοιπορικών από τον ΕΟΠΥΥ για ασθενείς που πάσχουν από καρκίνο', 'ΥΓΕΙΑ', 5, 50),
(28, 'πολιτική των περικοπών στη δημόσια ιατροφαρμακευτική περίθαλψη', 'ΥΓΕΙΑ', 6, 11),
(29, 'διερεύνηση της πώλησης της θυγατρικής της ΕΤΕ «ΠΑΝΓΑΙΑ» στην Ισραηλινή εταιρεία «Invel».', 'ΟΙΚΟΝΟΜΙΑ', 6, 34),
(30, 'υλοποίηση της Συμφωνίας Συμβιβασμού μεταξύ της Ελληνικής Δημοκρατίας, της «Siemens A.G.» και της «Siemens Α.Ε.».', 'ΟΙΚΟΝΟΜΙΑ', 6, 144),
(31, 'στήριξη των Ελληνικών Επιχειρήσεων.', 'ΠΕΡΙΒΑΛΛΟΝ', 6, 245),
(32, 'υποστελέχωση των δομών υγείας στη Λακωνία', 'ΥΓΕΙΑ', 7, 290),
(33, 'φορολογική ενημερότητα που ζητά ο Οργανισμός Ασφάλισης Ελεύθερων Επαγγελματιών από τους ασφαλισμένους για την ένταξή τους στη ρύθμιση χρεών', 'ΟΙΚΟΝΟΜΙΑ', 7, 131),
(34, 'σχετικά με «τους εκβιασμούς και τις απειλές εναντίον Δικαστικών από υπάλληλο της Τρόικας».', 'ΟΙΚΟΝΟΜΙΑ', 8, 203),
(35, 'μελέτη αξιοποίησης της λιμενικής ζώνης στην Πάτρα από το ΤΑΙΠΕΔ.', 'ΟΙΚΟΝΟΜΙΑ', 8, 238),
(36, 'κατάργηση της Περιφερειακής Διεύθυνσης ΣΔΟΕ Στερεάς Ελλάδας.', 'ΟΙΚΟΝΟΜΙΑ', 8, 235),
(37, 'αναγκαιότητα παρεμβάσεων στο συνοριακό σταθμό του Προμαχώνα Σερρών', 'ΟΙΚΟΝΟΜΙΑ', 8, 292),
(38, 'Προγραμματική Σύμβαση για τη λειτουργία Κέντρων Πρόληψης και τις οφειλές ΟΚΑΝΑ.', 'ΥΓΕΙΑ', 8, 45),
(39, 'λειτουργία του Γυμναστικού Συλλόγου «Ο ΗΡΑΚΛΗΣ».', 'ΟΙΚΟΝΟΜΙΑ', 8, 136),
(40, 'πρόστιμο στον ραδιοφωνικό σταθμό «Real fm» από το Εθνικό Ραδιοτηλεοπτικό Συμβούλιο.', 'ΟΙΚΟΝΟΜΙΑ', 8, 233),
(41, 'αναστολή της καταβολής φορολογικών, ασφαλιστικών και λοιπών υποχρεώσεων προς χρηματοπιστωτικά ιδρύματα από τους πολίτες και τις επιχειρήσεις που υπέστησαν ζημιές από τις πλημμύρες στη Ρόδο και την Ψέριμο.', 'ΟΙΚΟΝΟΜΙΑ', 9, 113),
(42, 'Ψυχιατρικά Νοσοκομεία της Χώρας.', 'ΥΓΕΙΑ', 9, 303),
(43, 'αίτημα μετεγκατάστασης του Καζίνου της Πάρνηθας, το οποίο έχει καταθέσει η εταιρεία «Ελληνικό Καζίνο Πάρνηθας Α.Ε.» στο Υπουργείο Τουρισμού.', 'ΟΙΚΟΝΟΜΙΑ', 9, 301),
(44, 'δημιουργία τμήματος Αρχιτεκτόνων Μηχανικών του Πανεπιστημίου Δυτικής Μακεδονίας με έδρα την Καστοριά.', 'ΠΑΙΔΕΙΑ', 10, 201),
(45, 'ανάγκη ελέγχου κατά της φοροδιαφυγής σε νυχτερινά κέντρα κατά τη διάρκεια των εορτών.', 'ΟΙΚΟΝΟΜΙΑ', 10, 90),
(46, 'testing query 10', 'ΠΑΙΔΕΙΑ', 1, 34),
(47, 'testing query 10', 'ΠΕΡΙΒΑΛΛΟΝ', 1, 34),
(48, 'testing query 10', 'ΔΙΚΑΙΟΣΥΝΗ', 1, 34);

-- --------------------------------------------------------

--
-- Table structure for table `leads`
--

CREATE TABLE IF NOT EXISTS `leads` (
  `leads_id` int(10) unsigned NOT NULL AUTO_INCREMENT,
  `party_leader_id` int(10) unsigned DEFAULT NULL,
  `party_id` int(10) unsigned DEFAULT NULL,
  `start_timestamp` datetime DEFAULT NULL,
  `end_timestamp` datetime DEFAULT NULL,
  PRIMARY KEY (`leads_id`),
  KEY `fk_leads_party_leader_id` (`party_leader_id`),
  KEY `fk_leads_party_id` (`party_id`)
) ENGINE=InnoDB  DEFAULT CHARSET=utf8 AUTO_INCREMENT=10 ;

--
-- Dumping data for table `leads`
--

INSERT INTO `leads` (`leads_id`, `party_leader_id`, `party_id`, `start_timestamp`, `end_timestamp`) VALUES
(1, 1, 19, '0000-00-00 00:00:00', '0000-00-00 00:00:00'),
(2, 8, 28, '0000-00-00 00:00:00', '0000-00-00 00:00:00'),
(3, 2, 20, '0000-00-00 00:00:00', '0000-00-00 00:00:00'),
(4, 6, 22, '0000-00-00 00:00:00', '0000-00-00 00:00:00'),
(5, 3, 26, '0000-00-00 00:00:00', '0000-00-00 00:00:00'),
(6, 5, 21, '0000-00-00 00:00:00', '0000-00-00 00:00:00'),
(7, 9, 27, '0000-00-00 00:00:00', '2013-12-21 00:00:00'),
(8, 4, 27, '2013-12-21 00:00:00', '0000-00-00 00:00:00'),
(9, 7, 25, '2013-12-21 00:00:00', '0000-00-00 00:00:00');

-- --------------------------------------------------------

--
-- Table structure for table `ministers`
--

CREATE TABLE IF NOT EXISTS `ministers` (
  `minister_id` int(10) unsigned NOT NULL AUTO_INCREMENT,
  `person_id` int(10) unsigned NOT NULL,
  PRIMARY KEY (`minister_id`),
  KEY `fk_ministers_persons_id` (`person_id`)
) ENGINE=InnoDB  DEFAULT CHARSET=utf8 COMMENT='Represents the Ministers of the goverment and is a sub-class of persons.' AUTO_INCREMENT=10 ;

--
-- Dumping data for table `ministers`
--

INSERT INTO `ministers` (`minister_id`, `person_id`) VALUES
(9, 76),
(8, 179),
(6, 194),
(3, 201),
(1, 212),
(2, 304),
(4, 305),
(5, 306);

-- --------------------------------------------------------

--
-- Table structure for table `minister_participates_government`
--

CREATE TABLE IF NOT EXISTS `minister_participates_government` (
  `minister_participates_government_id` int(10) unsigned NOT NULL AUTO_INCREMENT,
  `minister_id` int(10) unsigned DEFAULT NULL,
  `government_id` int(10) unsigned DEFAULT NULL,
  `start_timestamp` datetime DEFAULT NULL,
  `end_timestamp` datetime DEFAULT NULL,
  PRIMARY KEY (`minister_participates_government_id`),
  KEY `fk_minister_participates_government_government_id` (`government_id`),
  KEY `fk_minister_participates_government_minister_id` (`minister_id`)
) ENGINE=InnoDB  DEFAULT CHARSET=utf8 AUTO_INCREMENT=9 ;

--
-- Dumping data for table `minister_participates_government`
--

INSERT INTO `minister_participates_government` (`minister_participates_government_id`, `minister_id`, `government_id`, `start_timestamp`, `end_timestamp`) VALUES
(1, 3, 1, '2012-06-17 00:00:00', '0000-00-00 00:00:00'),
(2, 1, 1, '2012-06-17 00:00:00', '2013-06-24 00:00:00'),
(3, 2, 1, '2012-06-17 00:00:00', '0000-00-00 00:00:00'),
(4, 4, 1, '2012-06-17 00:00:00', '2013-06-24 00:00:00'),
(5, 5, 1, '2012-06-17 00:00:00', '2013-06-24 00:00:00'),
(6, 6, 1, '2013-06-24 00:00:00', '0000-00-00 00:00:00'),
(7, 8, 1, '2013-06-24 00:00:00', '0000-00-00 00:00:00'),
(8, 9, 1, '2013-06-24 00:00:00', '0000-00-00 00:00:00');

-- --------------------------------------------------------

--
-- Table structure for table `mps`
--

CREATE TABLE IF NOT EXISTS `mps` (
  `mp_id` int(10) unsigned NOT NULL AUTO_INCREMENT,
  `person_id` int(10) unsigned NOT NULL,
  PRIMARY KEY (`mp_id`),
  KEY `fk_mps_persons_id` (`person_id`)
) ENGINE=InnoDB  DEFAULT CHARSET=utf8 COMMENT='Represents the Members of Parliament (Vouleftes) and is a sub-class of persons.' AUTO_INCREMENT=309 ;

--
-- Dumping data for table `mps`
--

INSERT INTO `mps` (`mp_id`, `person_id`) VALUES
(305, 1),
(240, 2),
(110, 3),
(82, 4),
(130, 5),
(153, 6),
(28, 7),
(263, 8),
(178, 9),
(217, 10),
(231, 11),
(126, 12),
(308, 13),
(249, 14),
(99, 15),
(37, 16),
(131, 17),
(271, 18),
(229, 19),
(275, 20),
(78, 21),
(294, 22),
(87, 23),
(50, 24),
(208, 25),
(202, 26),
(38, 27),
(9, 28),
(238, 29),
(90, 30),
(144, 31),
(225, 32),
(84, 33),
(244, 34),
(258, 35),
(19, 36),
(216, 37),
(298, 38),
(143, 39),
(213, 40),
(152, 41),
(233, 42),
(83, 43),
(235, 44),
(133, 45),
(193, 46),
(11, 47),
(276, 48),
(301, 49),
(71, 50),
(104, 51),
(109, 52),
(232, 53),
(228, 54),
(136, 55),
(64, 56),
(265, 57),
(187, 58),
(34, 59),
(222, 60),
(115, 61),
(120, 62),
(86, 63),
(134, 64),
(85, 65),
(101, 66),
(43, 67),
(149, 68),
(257, 69),
(299, 70),
(27, 71),
(220, 72),
(291, 73),
(76, 74),
(283, 75),
(77, 76),
(245, 77),
(192, 78),
(48, 79),
(241, 80),
(182, 81),
(92, 82),
(254, 83),
(138, 84),
(52, 85),
(286, 86),
(108, 87),
(255, 88),
(47, 89),
(72, 90),
(261, 91),
(253, 92),
(53, 93),
(203, 94),
(281, 95),
(65, 96),
(289, 97),
(211, 98),
(165, 99),
(242, 100),
(266, 101),
(210, 102),
(206, 103),
(197, 104),
(135, 105),
(96, 106),
(16, 107),
(239, 108),
(207, 109),
(127, 110),
(273, 111),
(51, 112),
(250, 113),
(295, 114),
(93, 115),
(32, 116),
(73, 117),
(277, 118),
(267, 119),
(122, 120),
(95, 121),
(262, 122),
(223, 123),
(15, 124),
(67, 125),
(224, 126),
(142, 127),
(251, 128),
(287, 129),
(285, 130),
(146, 131),
(70, 132),
(88, 133),
(194, 134),
(81, 135),
(209, 136),
(98, 137),
(168, 138),
(246, 139),
(269, 140),
(205, 141),
(160, 142),
(300, 143),
(97, 144),
(114, 145),
(280, 146),
(124, 147),
(218, 148),
(204, 149),
(303, 150),
(230, 151),
(116, 152),
(282, 153),
(41, 154),
(107, 155),
(119, 156),
(236, 157),
(132, 158),
(91, 159),
(167, 160),
(150, 161),
(14, 162),
(7, 163),
(297, 164),
(177, 165),
(22, 166),
(10, 167),
(1, 168),
(42, 169),
(248, 170),
(45, 171),
(3, 172),
(8, 173),
(68, 174),
(157, 175),
(30, 176),
(137, 177),
(189, 178),
(296, 179),
(155, 180),
(247, 181),
(89, 182),
(226, 183),
(293, 184),
(49, 185),
(243, 186),
(264, 187),
(23, 188),
(164, 189),
(188, 190),
(272, 191),
(35, 192),
(215, 193),
(2, 194),
(44, 195),
(36, 196),
(54, 197),
(24, 198),
(256, 199),
(161, 200),
(184, 201),
(186, 202),
(80, 203),
(17, 204),
(195, 205),
(55, 206),
(5, 207),
(58, 208),
(212, 209),
(169, 210),
(147, 211),
(20, 212),
(69, 213),
(6, 214),
(118, 215),
(18, 216),
(151, 217),
(288, 218),
(100, 219),
(46, 220),
(113, 221),
(163, 222),
(12, 223),
(175, 224),
(270, 225),
(172, 226),
(181, 227),
(62, 228),
(105, 229),
(21, 230),
(190, 231),
(56, 232),
(33, 233),
(198, 234),
(200, 235),
(191, 236),
(304, 237),
(162, 238),
(196, 239),
(159, 240),
(75, 241),
(31, 242),
(185, 243),
(66, 244),
(166, 245),
(74, 246),
(278, 247),
(112, 248),
(139, 249),
(268, 250),
(180, 251),
(26, 252),
(279, 253),
(234, 254),
(170, 255),
(60, 256),
(158, 257),
(183, 258),
(57, 259),
(260, 260),
(39, 261),
(274, 262),
(201, 263),
(227, 264),
(59, 265),
(221, 266),
(237, 267),
(171, 268),
(307, 269),
(148, 270),
(4, 271),
(290, 272),
(199, 273),
(302, 274),
(259, 275),
(140, 276),
(128, 277),
(284, 278),
(94, 279),
(154, 280),
(13, 281),
(61, 282),
(145, 283),
(106, 284),
(173, 285),
(25, 286),
(63, 287),
(103, 288),
(102, 289),
(123, 290),
(214, 291),
(141, 292),
(292, 293),
(129, 294),
(219, 295),
(179, 296),
(306, 297),
(111, 298),
(174, 299),
(125, 300),
(40, 301),
(121, 302),
(176, 303);

-- --------------------------------------------------------

--
-- Table structure for table `parliament_cycles`
--

CREATE TABLE IF NOT EXISTS `parliament_cycles` (
  `parliament_cycle_id` int(10) unsigned NOT NULL AUTO_INCREMENT,
  `title` varchar(150) DEFAULT NULL,
  `start_timestamp` datetime DEFAULT NULL,
  `end_timestamp` datetime DEFAULT NULL,
  PRIMARY KEY (`parliament_cycle_id`)
) ENGINE=InnoDB  DEFAULT CHARSET=utf8 COMMENT='Represents a cycle (period of duty) of the parliament.' AUTO_INCREMENT=2 ;

--
-- Dumping data for table `parliament_cycles`
--

INSERT INTO `parliament_cycles` (`parliament_cycle_id`, `title`, `start_timestamp`, `end_timestamp`) VALUES
(1, 'ΙE'' Βουλευτική Περίοδος', '2012-06-17 00:00:00', '0000-00-00 00:00:00');

-- --------------------------------------------------------

--
-- Table structure for table `parliament_sessions`
--

CREATE TABLE IF NOT EXISTS `parliament_sessions` (
  `parliament_session_id` int(10) unsigned NOT NULL AUTO_INCREMENT,
  `timestamp` datetime DEFAULT NULL,
  `parliament_cycle_id` int(10) unsigned DEFAULT NULL,
  PRIMARY KEY (`parliament_session_id`),
  KEY `fk_parliament_sessions_parliament_cycle_id` (`parliament_cycle_id`)
) ENGINE=InnoDB  DEFAULT CHARSET=utf8 COMMENT='Represents sessions (synedriaseis) of the parliament.\n\nFor terminology @see http://www.hellenicparliament.gr/en/Enimerosi/Sychnes-Erotiseis/' AUTO_INCREMENT=11 ;

--
-- Dumping data for table `parliament_sessions`
--

INSERT INTO `parliament_sessions` (`parliament_session_id`, `timestamp`, `parliament_cycle_id`) VALUES
(1, '2013-11-15 00:00:00', 1),
(2, '2013-11-21 00:00:00', 1),
(3, '2013-11-22 00:00:00', 1),
(4, '2013-11-25 00:00:00', 1),
(5, '2013-11-28 00:00:00', 1),
(6, '2013-11-29 00:00:00', 1),
(7, '2013-12-02 00:00:00', 1),
(8, '2013-12-12 00:00:00', 1),
(9, '2013-12-13 00:00:00', 1),
(10, '2013-12-16 00:00:00', 1);

-- --------------------------------------------------------

--
-- Table structure for table `participate`
--

CREATE TABLE IF NOT EXISTS `participate` (
  `participate_id` int(10) unsigned NOT NULL AUTO_INCREMENT,
  `party_id` int(10) unsigned DEFAULT NULL,
  `parliament_cycle_id` int(10) unsigned DEFAULT NULL,
  `electoral_percentage` double DEFAULT NULL,
  PRIMARY KEY (`participate_id`),
  KEY `fk_participate_party_id` (`party_id`),
  KEY `fk_participate_parliament_cycle_id` (`parliament_cycle_id`)
) ENGINE=InnoDB  DEFAULT CHARSET=utf8 AUTO_INCREMENT=10 ;

--
-- Dumping data for table `participate`
--

INSERT INTO `participate` (`participate_id`, `party_id`, `parliament_cycle_id`, `electoral_percentage`) VALUES
(1, 19, 1, 29.66),
(2, 28, 1, 26.89),
(3, 20, 1, 12.28),
(4, 22, 1, 7.51),
(5, 26, 1, 6.92),
(6, 21, 1, 6.25),
(7, 27, 1, 4.5),
(8, 25, 1, 0),
(9, 24, 1, 0);

-- --------------------------------------------------------

--
-- Table structure for table `parties`
--

CREATE TABLE IF NOT EXISTS `parties` (
  `party_id` int(10) unsigned NOT NULL AUTO_INCREMENT,
  `name` varchar(100) DEFAULT NULL,
  PRIMARY KEY (`party_id`)
) ENGINE=InnoDB  DEFAULT CHARSET=utf8 COMMENT='Represents the political parties (kommata).' AUTO_INCREMENT=29 ;

--
-- Dumping data for table `parties`
--

INSERT INTO `parties` (`party_id`, `name`) VALUES
(19, 'ΝΔ'),
(20, 'ΠΑΣΟΚ'),
(21, 'ΔΗΜΑΡ'),
(22, 'ΑΝΕΛ'),
(24, 'ΑΝΕΞΑΡΤΗΤΟΙ'),
(25, 'ΑΝΕΞΑΡΤΗΤΟΙ ΔΗΜΟΚΡΑΤΙΚΟΙ ΒΟΥΛΕΥΤΕΣ'),
(26, 'ΧΑ'),
(27, 'ΚΚΕ'),
(28, 'ΣΥΡΙΖΑ');

-- --------------------------------------------------------

--
-- Table structure for table `party_leaders`
--

CREATE TABLE IF NOT EXISTS `party_leaders` (
  `party_leader_id` int(10) unsigned NOT NULL AUTO_INCREMENT,
  `person_id` int(10) unsigned NOT NULL,
  PRIMARY KEY (`party_leader_id`),
  KEY `fk_party_leaders_persons_id` (`person_id`)
) ENGINE=InnoDB  DEFAULT CHARSET=utf8 COMMENT='Represents the party leaders and is a dubclass of persons.' AUTO_INCREMENT=10 ;

--
-- Dumping data for table `party_leaders`
--

INSERT INTO `party_leaders` (`party_leader_id`, `person_id`) VALUES
(3, 2),
(5, 22),
(7, 39),
(9, 47),
(2, 61),
(6, 88),
(8, 107),
(1, 176),
(4, 307);

-- --------------------------------------------------------

--
-- Table structure for table `party_participates_government`
--

CREATE TABLE IF NOT EXISTS `party_participates_government` (
  `party_participates_government_id` int(10) unsigned NOT NULL AUTO_INCREMENT,
  `party_id` int(10) unsigned DEFAULT NULL,
  `government_id` int(10) unsigned DEFAULT NULL,
  PRIMARY KEY (`party_participates_government_id`),
  KEY `fk_party_participates_government_party_id` (`party_id`),
  KEY `fk_party_participates_government_government_id` (`government_id`)
) ENGINE=InnoDB  DEFAULT CHARSET=utf8 AUTO_INCREMENT=4 ;

--
-- Dumping data for table `party_participates_government`
--

INSERT INTO `party_participates_government` (`party_participates_government_id`, `party_id`, `government_id`) VALUES
(1, 19, 1),
(2, 20, 1),
(3, 21, 1);

-- --------------------------------------------------------

--
-- Table structure for table `persons`
--

CREATE TABLE IF NOT EXISTS `persons` (
  `person_id` int(10) unsigned NOT NULL AUTO_INCREMENT,
  `name` varchar(50) DEFAULT NULL,
  `age` int(11) DEFAULT NULL,
  `sex` varchar(10) DEFAULT NULL,
  PRIMARY KEY (`person_id`)
) ENGINE=InnoDB  DEFAULT CHARSET=utf8 COMMENT='This is a general entity representing all types of persons.' AUTO_INCREMENT=308 ;

--
-- Dumping data for table `persons`
--

INSERT INTO `persons` (`person_id`, `name`, `age`, `sex`) VALUES
(1, 'ΧΡΗΣΤΟΣ ΠΑΠΠΑΣ', NULL, 'Α'),
(2, 'ΝΙΚΟΣ ΜΙΧΑΛΟΛΙΑΚΟΣ', NULL, 'Α'),
(3, 'ΕΛΕΝΗ ΖΑΡΟΥΛΙΑ', NULL, 'Γ'),
(4, 'ΓΙΩΡΓΟΣ ΓΕΡΜΕΝΗΣ', NULL, 'Α'),
(5, 'ΗΛΙΑΣ ΚΑΣΙΔΙΑΡΗΣ', NULL, 'Α'),
(6, 'ΙΩΑΝΝΗΣ ΛΑΓΟΣ', NULL, 'Α'),
(7, 'ΑΝΤΩΝΗΣ ΓΡΕΓΟΣ', NULL, 'Α'),
(8, 'ΠΟΛΥΒΙΟΣ ΖΗΣΙΜΟΠΟΥΛΟΣ', NULL, 'Α'),
(9, 'ΚΩΝΣΤΑΝΤΙΝΟΣ ΜΠΑΡΜΠΑΡΟΥΣΗΣ', NULL, 'Α'),
(10, 'ΜΙΧΑΗΛ ΑΡΒΑΝΙΤΗΣ', NULL, 'Α'),
(11, 'ΝΙΚΟΛΑΟΣ ΜΙΧΟΣ', NULL, 'Α'),
(12, 'ΕΥΣΤΑΘΙΟΣ ΜΠΟΥΚΟΥΡΑΣ', NULL, 'Α'),
(13, 'ΧΡΥΣΟΒΑΛΑΝΤΗΣ ΑΛΕΞΟΠΟΥΛΟΣ', NULL, 'Α'),
(14, 'ΠΑΝΑΓΙΩΤΗΣ ΗΛΙΟΠΟΥΛΟΣ', NULL, 'Α'),
(15, 'ΔΗΜΗΤΡΙΟΣ ΚΟΥΚΟΥΤΣΗΣ', NULL, 'Α'),
(16, 'ΑΡΤΕΜΙΟΣ ΜΑΤΘΑΙΟΠΟΥΛΟΣ', NULL, 'Α'),
(17, 'ΗΛΙΑΣ ΠΑΝΑΓΙΩΤΑΡΟΣ', NULL, 'Α'),
(18, 'ΣΙΩΗΣ ΝΙΚΗΤΑΣ', NULL, 'Α'),
(19, 'ΝΙΚΟΛΑΟΣ ΚΟΥΖΗΛΟΣ', NULL, 'Α'),
(20, 'ΣΠΥΡΟΣ ΛΥΚΟΥΔΗΣ', NULL, 'Α'),
(21, 'ΓΙΑΝΝΗΣ ΠΑΝΟΥΣΗΣ', NULL, 'Α'),
(22, 'ΦΩΤΗΣ ΚΟΥΒΕΛΗΣ', NULL, 'Α'),
(23, 'ΓΡΗΓΟΡΗΣ ΨΑΡΙΑΝΟΣ', NULL, 'Α'),
(24, 'ΒΑΣΙΛΗΣ ΟΙΚΟΝΟΜΟΥ', NULL, 'Α'),
(25, 'ΜΑΡΙΑ ΡΕΠΟΥΣΗ', NULL, 'Γ'),
(26, 'ΜΑΡΙΑ ΓΙΑΝΑΚΚΑΚΗ', NULL, 'Γ'),
(27, 'ΑΣΗΜΙΝΑ ΞΗΡΟΤΥΡΗ-ΑΙΚΑΤΕΡΙΝΑΡΗ', NULL, 'Γ'),
(28, 'ΑΙΚΑΤΕΡΙΝΗ ΜΑΡΚΟΥ', NULL, 'Γ'),
(29, 'ΝΙΚΟΛΑΟΣ ΤΣΟΥΚΑΛΗΣ', NULL, 'Α'),
(30, 'ΔΗΜΗΤΡΗΣ ΑΝΑΓΝΩΣΤΑΚΗΣ', NULL, 'Α'),
(31, 'ΘΩΜΑΣ ΨΥΡΡΑΣ', NULL, 'Α'),
(32, 'ΝΙΚΗ ΦΟΥΝΤΑ', NULL, 'Γ'),
(33, 'ΓΙΩΡΓΟΣ ΚΥΡΙΤΣΗΣ', NULL, 'Α'),
(34, 'ΟΔΥΣΣΕΑΣ ΒΟΥΔΟΥΡΗΣ', NULL, 'Α'),
(35, 'ΠΑΡΙΣ ΜΟΥΤΣΙΝΑΣ', NULL, 'Α'),
(36, 'ΑΝΔΡΕΑΣ ΛΟΒΕΡΔΟΣ', NULL, 'Α'),
(37, 'ΜΙΜΗΣ ΑΝΔΡΟΥΛΑΚΗΣ', NULL, 'Α'),
(38, 'ΧΡΗΣΤΟΣ ΑΗΔΟΝΗΣ', NULL, 'Α'),
(39, 'ΘΟΔΩΡΟΣ ΠΑΡΑΣΤΡΑΤΙΔΗΣ', NULL, 'Α'),
(40, 'ΜΑΡΚΟΣ ΜΠΟΛΑΡΗΣ', NULL, 'Α'),
(41, 'ΙΩΑΝΝΗΣ ΚΟΥΡΑΚΟΣ', NULL, 'Α'),
(42, 'ΝΙΚΟΛΑΟΣ ΝΙΚΟΛΟΠΟΥΛΟΣ', NULL, 'Α'),
(43, 'ΓΙΩΡΓΟΣ ΚΑΣΑΠΙΔΗΣ', NULL, 'Α'),
(44, 'ΝΙΚΟΛΑΟΣ ΣΤΑΥΡΟΓΙΑΝΝΗΣ', NULL, 'Α'),
(45, 'ΘΑΝΑΣΗΣ ΠΑΦΙΛΗΣ', NULL, 'Α'),
(46, 'ΛΙΑΝΑ ΚΑΝΕΛΛΗ', NULL, 'Γ'),
(47, 'ΑΛΕΚΑ ΠΑΠΑΡΗΓΑ', NULL, 'Γ'),
(48, 'ΣΠΥΡΟΣ ΧΑΛΒΑΤΖΗΣ', NULL, 'Α'),
(49, 'ΧΡΗΣΤΟΣ ΚΑΤΣΩΤΗΣ', NULL, 'Α'),
(50, 'ΓΙΑΝΝΗΣ ΓΚΙΟΚΑΣ', NULL, 'Α'),
(51, 'ΔΙΑΜΑΝΤΩ ΜΑΝΩΛΑΚΟΥ', NULL, 'Γ'),
(52, 'ΕΛΕΝΗ ΓΕΡΑΣΙΜΙΔΟΥ', NULL, 'Γ'),
(53, 'ΝΙΚΟΛΑΟΣ ΜΩΡΑΙΤΗΣ', NULL, 'Α'),
(54, 'ΝΙΚΟΛΑΟΣ ΚΑΡΑΘΑΝΑΣΟΠΟΥΛΟΣ', NULL, 'Α'),
(55, 'ΘΕΟΔΟΣΙΟΣ ΚΩΝΣΤΑΝΤΙΝΙΔΗΣ', NULL, 'Α'),
(56, 'ΓΕΩΡΓΙΟΣ ΛΑΜΠΡΟΥΛΗΣ', NULL, 'Α'),
(57, 'ΠΥΡΡΟΣ ΔΗΜΑΣ', NULL, 'Α'),
(58, 'ΚΩΣΤΑΣ ΣΚΑΝΔΑΛΙΔΗΣ', NULL, 'Α'),
(59, 'ΑΠΟΣΤΟΛΟΣ ΚΑΚΛΑΜΑΝΗΣ', NULL, 'Α'),
(60, 'ΜΙΧΑΛΗΣ ΧΡΥΣΟΧΟΙΔΗΣ', NULL, 'Α'),
(61, 'ΕΥΑΓΓΕΛΟΣ ΒΕΝΙΖΕΛΟΣ', NULL, 'Α'),
(62, 'ΕΥΗ ΧΡΙΣΤΟΦΙΛΟΠΟΥΛΟΥ', NULL, 'Γ'),
(63, 'ΓΙΩΡΓΟΣ ΠΑΠΑΝΔΡΕΟΥ', NULL, 'Α'),
(64, 'ΘΑΝΟΣ ΜΩΡΑΙΤΗΣ', NULL, 'Α'),
(65, 'ΓΙΩΡΓΟΣ ΝΤΟΛΙΟΣ', NULL, 'Α'),
(66, 'ΔΗΜΗΤΡΙΟΣ ΣΑΛΤΟΥΡΟΣ', NULL, 'Α'),
(67, 'ΑΧΜΕΤ ΡΑΗΦ ΧΑΤΖΗ ΟΣΜΑΝ', NULL, 'Α'),
(68, 'ΙΩΑΝΝΗΣ ΔΡΙΒΕΛΕΓΚΑΣ', NULL, 'Α'),
(69, 'ΠΑΡΙΣ ΚΟΥΚΟΥΛΟΠΟΥΛΟΣ', NULL, 'Α'),
(70, 'ΧΡΗΣΤΟΣ ΓΚΟΚΑΣ', NULL, 'Α'),
(71, 'ΑΝΤΖΕΛΑ ΓΚΕΡΕΚΟΥ', NULL, 'Γ'),
(72, 'ΜΙΧΑΛΗΣ ΚΑΣΣΗΣ', NULL, 'Α'),
(73, 'ΦΙΛΙΠΠΟΣ ΣΑΧΙΝΙΔΗΣ', NULL, 'Α'),
(74, 'ΓΙΑΝΝΗΣ ΚΟΥΤΣΟΥΚΟΣ', NULL, 'Α'),
(75, 'ΣΥΜΕΩΝ ΚΕΔΙΚΟΓΛΟΥ', NULL, 'Α'),
(76, 'ΓΙΑΝΝΗΣ ΜΑΝΙΑΤΗΣ', NULL, 'Α'),
(77, 'ΟΔΥΣΣΕΑΣ ΚΩΝΣΤΑΝΤΙΝΟΠΟΥΛΟΣ', NULL, 'Α'),
(78, 'ΛΕΩΝΙΔΑΣ ΓΡΗΓΟΡΑΚΟΣ', NULL, 'Α'),
(79, 'ΒΑΣΙΛΗΣ ΚΕΓΚΕΡΟΓΛΟΥ', NULL, 'Α'),
(80, 'ΝΙΚΟΣ ΣΗΦΟΥΝΑΚΗΣ', NULL, 'Α'),
(81, 'ΚΩΝΣΤΑΝΤΙΝΟΣ ΤΡΙΑΝΤΑΦΥΛΛΟΣ', NULL, 'Α'),
(82, 'ΔΗΜΗΤΡΗΣ ΚΡΕΜΑΣΤΙΝΟΣ', NULL, 'Α'),
(83, 'ΠΑΝΑΓΙΩΤΗΣ ΡΗΓΑΣ', NULL, 'Α'),
(84, 'ΘΕΟΔΩΡΑ ΤΖΑΚΡΗ', NULL, 'Γ'),
(85, 'ΒΥΡΩΝ ΠΟΛΥΔΩΡΑΣ', NULL, 'Α'),
(86, 'ΤΕΡΕΝΣ ΚΟΥΙΚ', NULL, 'Α'),
(87, 'ΕΛΕΝΑ ΚΟΥΝΤΟΥΡΑ', NULL, 'Γ'),
(88, 'ΠΑΝΟΣ ΚΑΜΜΕΝΟΣ', NULL, 'Α'),
(89, 'ΒΑΣΙΛΗΣ ΚΑΠΕΡΝΑΡΟΣ', NULL, 'Α'),
(90, 'ΓΙΑΝΝΗΣ ΔΗΜΑΡΑΣ', NULL, 'Α'),
(91, 'ΠΑΥΛΟΣ ΧΑΙΚΑΛΗΣ', NULL, 'Α'),
(92, 'ΠΑΝΑΓΙΩΤΗΣ ΜΕΛΑΣ', NULL, 'Α'),
(93, 'ΓΑΒΡΙΗΛ ΑΒΡΑΜΙΔΗΣ', NULL, 'Α'),
(94, 'ΜΑΡΙΑ ΓΙΑΤΑΓΑΝΑ', NULL, 'Γ'),
(95, 'ΣΤΑΥΡΟΥΛΑ ΞΟΥΛΙΔΟΥ', NULL, 'Γ'),
(96, 'ΓΕΩΡΓΙΟΣ ΝΤΑΒΡΗΣ', NULL, 'Α'),
(97, 'ΤΣΑΜΠΙΚΑ ΙΑΤΡΙΔΗ', NULL, 'Γ'),
(98, 'ΜΑΡΙΝΟΣ ΟΥΖΟΥΝΙΔΗΣ', NULL, 'Α'),
(99, 'ΚΩΝΣΤΑΝΤΙΝΟΣ ΓΙΟΒΑΝΟΠΟΥΛΟΣ', NULL, 'Α'),
(100, 'ΝΟΤΗΣ ΜΑΡΙΑΣ', NULL, 'Α'),
(101, 'ΡΑΧΗΛ ΜΑΚΡΗ', NULL, 'Γ'),
(102, 'ΜΑΡΙΝΑ ΧΡΥΣΟΒΕΛΩΝΗ', NULL, 'Γ'),
(103, 'ΜΑΡΙΑ ΚΟΛΛΙΑ-ΤΣΑΡΟΥΧΑ', NULL, 'Γ'),
(104, 'ΜΑΝΩΛΗΣ ΓΛΕΖΟΣ', NULL, 'Α'),
(105, 'ΘΕΑΝΩ ΦΩΤΙΟΥ', NULL, 'Γ'),
(106, 'ΔΗΜΗΤΡΗΣ ΤΣΟΥΚΑΛΑΣ', NULL, 'Α'),
(107, 'ΑΛΕΞΗΣ ΤΣΙΠΡΑΣ', NULL, 'Α'),
(108, 'ΝΙΚΟΣ ΒΟΥΤΣΗΣ', NULL, 'Α'),
(109, 'ΜΑΡΙΑ ΜΠΟΛΑΡΗ', NULL, 'Γ'),
(110, 'ΖΩΗ ΚΩΝΣΤΑΝΤΟΠΟΥΛΟΥ', NULL, 'Γ'),
(111, 'ΣΟΦΙΑ ΣΑΚΟΡΑΦΑ', NULL, 'Γ'),
(112, 'ΒΑΣΙΛΙΚΗ ΚΑΤΡΙΒΑΝΟΥ', NULL, 'Γ'),
(113, 'ΠΑΝΑΓΙΩΤΗΣ ΚΟΥΡΟΥΠΛΗΣ', NULL, 'Α'),
(114, 'ΧΑΡΑ ΚΑΦΑΝΤΑΡΗ', NULL, 'Γ'),
(115, 'ΔΗΜΗΤΡΗΣ ΠΑΠΑΔΗΜΟΥΛΗΣ', NULL, 'Α'),
(116, 'ΑΠΟΣΤΟΛΟΣ ΑΛΕΞΟΠΟΥΛΟΣ', NULL, 'Α'),
(117, 'ΓΙΑΝΝΗΣ ΔΡΑΓΑΣΑΚΗΣ', NULL, 'Α'),
(118, 'ΣΤΑΘΗΣ ΠΑΝΑΓΟΥΛΗΣ', NULL, 'Α'),
(119, 'ΡΕΝΑ ΔΟΥΡΟΥ', NULL, 'Γ'),
(120, 'ΕΥΚΛΕΙΔΗΣ ΤΣΑΚΑΛΩΤΟΣ', NULL, 'Α'),
(121, 'ΔΗΜΗΤΡΗΣ ΣΤΡΑΤΟΥΛΗΣ', NULL, 'Α'),
(122, 'ΠΕΤΡΟΣ ΤΑΤΣΟΠΟΥΛΟΣ', NULL, 'Α'),
(123, 'ΝΑΝΤΙΑ ΒΑΛΑΒΑΝΗ', NULL, 'Γ'),
(124, 'ΑΛΕΞΗΣ ΜΗΤΡΟΠΟΥΛΟΣ', NULL, 'Α'),
(125, 'ΓΕΩΡΓΙΟΣ ΠΑΝΤΖΑΣ', NULL, 'Α'),
(126, 'ΝΑΣΟΣ ΑΘΑΝΑΣΙΟΥ', NULL, 'Α'),
(127, 'ΘΟΔΩΡΗΣ ΔΡΙΤΣΑΣ', NULL, 'Α'),
(128, 'ΠΑΝΑΓΙΩΤΗΣ ΛΑΦΑΖΑΝΗΣ', NULL, 'Α'),
(129, 'ΤΖΕΝΗ ΒΑΜΒΑΚΑ', NULL, 'Γ'),
(130, 'ΤΑΣΟΣ ΚΟΥΡΑΚΗΣ', NULL, 'Α'),
(131, 'ΙΩΑΝΝΑ ΓΑΙΤΑΝΗ', NULL, 'Γ'),
(132, 'ΓΙΑΝΝΗΣ ΑΜΑΝΑΤΙΔΗΣ', NULL, 'Α'),
(133, 'ΔΕΣΠΟΙΝΑ ΧΑΡΑΛΑΜΠΙΔΟΥ', NULL, 'Γ'),
(134, 'ΛΙΤΣΑ ΑΜΜΑΝΑΤΙΔΟΥ-ΠΑΣΧΑΛΙΔΟΥ', NULL, 'Γ'),
(135, 'ΓΙΩΡΓΟΣ ΒΑΡΕΜΕΝΟΣ', NULL, 'Α'),
(136, 'ΜΑΡΙΑ ΤΡΙΑΝΤΑΦΥΛΛΟΥ', NULL, 'Γ'),
(137, 'ΔΗΜΗΤΡΙΟΣ ΚΟΔΕΛΑΣ', NULL, 'Α'),
(138, 'ΚΩΝΣΤΑΝΤΙΝΟΣ ΖΑΧΑΡΙΑΣ', NULL, 'Α'),
(139, 'ΟΛΓΑ ΓΕΡΟΒΑΣΙΛΗ', NULL, 'Γ'),
(140, 'ΣΑΒΒΑΣ ΧΑΤΖΗΛΑΜΠΡΟΥ', NULL, 'Α'),
(141, 'ΜΑΡΙΑ ΚΑΝΕΛΛΟΠΟΥΛΟΥ', NULL, 'Γ'),
(142, 'ΙΩΑΝΝΗΣ ΣΤΑΘΑΣ', NULL, 'Α'),
(143, 'ΧΡΗΣΤΟΣ ΚΑΡΑΓΙΑΝΝΙΔΗΣ', NULL, 'Α'),
(144, 'ΔΗΜΗΤΡΙΟΣ ΓΑΚΗΣ', NULL, 'Α'),
(145, 'ΕΥΑΓΓΕΛΟΣ ΑΠΟΣΤΟΛΟΥ', NULL, 'Α'),
(146, 'ΣΤΑΥΡΟΣ ΚΟΝΤΟΝΗΣ', NULL, 'Α'),
(147, 'ΕΥΣΤΑΘΙΑ ΓΕΩΡΓΟΠΟΥΛΟΥ', NULL, 'Γ'),
(148, 'ΜΙΧΑΗΛ ΚΡΙΤΣΩΤΑΚΗΣ', NULL, 'Α'),
(149, 'ΜΑΡΙΑ ΔΙΑΚΑΚΗ', NULL, 'Γ'),
(150, 'ΧΡΗΣΤΟΣ ΜΑΝΤΑΣ', NULL, 'Α'),
(151, 'ΝΙΚΟΛΑΟΣ ΜΙΧΑΛΑΚΗΣ', NULL, 'Α'),
(152, 'ΕΥΑΓΓΕΛΟΣ ΔΙΑΜΑΝΤΟΠΟΥΛΟΣ', NULL, 'Α'),
(153, 'ΣΤΕΦΑΝΟΣ ΣΑΜΟΙΛΗΣ', NULL, 'Α'),
(154, 'ΑΦΡΟΔΙΤΗ ΘΕΟΠΕΦΤΑΤΟΥ', NULL, 'Γ'),
(155, 'ΕΙΡΗΝΗ-ΕΛΕΝΗ ΑΓΑΘΟΠΟΥΛΟΥ', NULL, 'Γ'),
(156, 'ΕΥΓΕΝΙΑ ΟΥΖΟΥΝΙΔΟΥ', NULL, 'Γ'),
(157, 'ΝΙΚΟΛΑΟΣ ΣΥΡΜΑΛΕΝΙΟΣ', NULL, 'Α'),
(158, 'ΗΡΩ ΔΙΩΤΗ', NULL, 'Γ'),
(159, 'ΔΗΜΗΤΡΗΣ ΓΕΛΑΛΗΣ', NULL, 'Α'),
(160, 'ΚΩΝΣΤΑΝΤΙΝΟΣ ΔΕΡΜΙΤΖΑΚΗΣ', NULL, 'Α'),
(161, 'ΙΩΑΝΝΗΣ ΖΕΡΔΕΛΗΣ', NULL, 'Α'),
(162, 'ΑΛΕΞΑΝΔΡΟΣ ΜΕΙΚΟΠΟΥΛΟΣ', NULL, 'Α'),
(163, 'ΑΘΑΝΑΣΙΟΣ ΠΕΤΡΑΚΟΣ', NULL, 'Α'),
(164, 'ΧΟΥΣΕΙΝ ΖΕΙΜΠΕΚ', NULL, 'Α'),
(165, 'ΚΩΝΣΤΑΝΤΙΝΟΣ ΜΠΑΡΚΑΣ', NULL, 'Α'),
(166, 'ΑΝΔΡΕΑΣ ΞΑΝΘΟΣ', NULL, 'Α'),
(167, 'ΑΙΧΑΝ ΚΑΡΑ ΓΙΟΥΣΟΥΦ', NULL, 'Α'),
(168, 'ΑΓΝΗ ΚΑΛΟΓΕΡΗ', NULL, 'Γ'),
(169, 'ΑΦΡΟΔΙΤΗ ΣΤΑΜΠΟΥΛΗ', NULL, 'Γ'),
(170, 'ΠΑΝΑΓΙΩΤΑ ΔΡΙΤΣΕΛΗ', NULL, 'Γ'),
(171, 'ΒΑΣΙΛΕΙΟΣ ΚΥΡΙΑΚΑΚΗΣ', NULL, 'Α'),
(172, 'ΑΘΑΝΑΣΙΟΣ ΓΕΡΜΑΝΙΔΗΣ', NULL, 'Α'),
(173, 'ΑΙΚΑΤΕΡΙΝΗ ΙΓΓΛΕΖΗ', NULL, 'Γ'),
(174, 'ΓΕΩΡΓΙΟΣ ΣΤΑΘΑΚΗΣ', NULL, 'Α'),
(175, 'ΙΩΑΝΝΗΣ ΜΙΧΕΛΟΓΙΑΝΝΑΚΗΣ', NULL, 'Γ'),
(176, 'ΑΝΤΩΝΗΣ ΣΑΜΑΡΑΣ', NULL, 'Α'),
(177, 'ΘΕΟΔΩΡΑ ΜΠΑΚΟΓΙΑΝΝΗ', NULL, 'Γ'),
(178, 'ΛΑΖΑΡΙΔΗΣ ΧΡΥΣΑΝΘΟΣ', NULL, 'Α'),
(179, 'ΧΑΡΑΛΑΜΠΟΣ ΑΘΑΝΑΣΙΟΥ', NULL, 'Α'),
(180, 'ΙΩΑΝΝΗΣ ΜΙΧΕΛΑΚΗΣ', NULL, 'Α'),
(181, 'ΟΛΓΑ ΚΕΦΑΛΟΓΙΑΝΝΗ', NULL, 'Γ'),
(182, 'ΔΗΜΗΤΡΗΣ ΑΒΡΑΜΟΠΟΥΛΟΣ', NULL, 'Α'),
(183, 'ΝΙΚΗΤΑΣ ΚΑΚΛΑΜΑΝΗΣ', NULL, 'Α'),
(184, 'ΦΩΤΕΙΝΗ ΠΙΠΙΛΗ', NULL, 'Γ'),
(185, 'ΒΑΣΙΛΗΣ ΚΙΚΙΛΙΑΣ', NULL, 'Α'),
(186, 'ΝΟΤΗΣ ΜΗΤΑΡΑΚΗΣ', NULL, 'Α'),
(187, 'ΠΡΟΚΟΠΗΣ ΠΑΥΛΟΠΟΥΛΟΣ', NULL, 'Α'),
(188, 'ΑΝΔΡΕΑΣ ΨΥΧΑΡΗΣ', NULL, 'Α'),
(189, 'ΚΥΡΙΑΚΟΣ ΜΗΤΣΟΤΑΚΗΣ', NULL, 'Α'),
(190, 'ΚΩΣΤΗΣ ΧΑΤΖΗΔΑΚΗΣ', NULL, 'Α'),
(191, 'ΣΟΦΙΑ ΒΟΥΛΤΕΨΗ', NULL, 'Γ'),
(192, 'ΑΡΓΥΡΗΣ ΝΤΙΝΟΠΟΥΛΟΣ', NULL, 'Α'),
(193, 'ΜΙΛΤΙΑΔΗΣ ΒΑΡΒΙΤΣΙΩΤΗΣ', NULL, 'Α'),
(194, 'ΑΔΩΝΙΣ ΓΕΩΡΓΙΑΔΗΣ', NULL, 'Α'),
(195, 'ΒΑΓΓΕΛΗΣ ΜΕΙΜΑΡΑΚΗΣ', NULL, 'Α'),
(196, 'ΑΡΗΣ ΣΠΗΛΙΩΤΟΠΟΥΛΟΣ', NULL, 'Α'),
(197, 'ΓΕΡΑΣΙΜΟΣ ΓΙΑΚΟΥΜΑΤΟΣ', NULL, 'Α'),
(198, 'ΑΝΝΑ ΚΑΡΑΜΑΝΛΗ', NULL, 'Γ'),
(199, 'ΠΑΝΟΣ ΠΑΝΑΓΙΩΤΟΠΟΥΛΟΣ', NULL, 'Α'),
(200, 'ΚΑΤΕΡΙΝΑ ΠΑΠΑΚΩΣΤΑ', NULL, 'Γ'),
(201, 'ΚΩΣΤΑΝΤΙΝΟΣ ΑΡΒΑΝΙΤΟΠΟΥΛΟΣ', NULL, 'Α'),
(202, 'ΚΩΣΤΑΝΤΙΝΟΣ ΚΑΤΣΑΦΑΔΟΣ', NULL, 'Α'),
(203, 'ΓΙΑΝΝΗΣ ΤΡΑΓΑΚΗΣ', NULL, 'Α'),
(204, 'ΑΝΑΣΤΑΣΙΟΣ ΝΕΡΑΝΤΖΗΣ', NULL, 'Α'),
(205, 'ΜΑΚΗΣ ΒΟΡΙΔΗΣ', NULL, 'Α'),
(206, 'ΓΕΩΡΓΙΑ ΜΑΡΤΙΝΟΥ', NULL, 'Γ'),
(207, 'ΑΘΑΝΑΣΙΟΣ ΜΠΟΥΡΑΣ', NULL, 'Α'),
(208, 'ΓΕΩΡΓΙΟΣ ΒΛΑΧΟΣ', NULL, 'Α'),
(209, 'ΜΑΡΙΟΣ ΣΑΛΜΑΣ', NULL, 'Α'),
(210, 'ΚΩΝΣΤΑΝΤΙΝΟΣ ΚΑΡΑΓΚΟΥΝΗΣ', NULL, 'Α'),
(211, 'ΙΩΑΝΝΗΣ ΑΝΔΡΙΑΝΟΣ', NULL, 'Α'),
(212, 'ΑΝΔΡΕΑΣ ΛΥΚΟΥΡΕΝΤΖΟΣ', NULL, 'Α'),
(213, 'ΓΕΩΡΓΙΟΣ ΣΤΥΛΙΟΣ', NULL, 'Α'),
(214, 'ΑΘΑΝΑΣΙΟΣ ΝΤΑΒΛΟΥΡΟΣ', NULL, 'Α'),
(215, 'ΕΥΑΓΓΕΛΟΣ ΜΠΑΣΙΑΚΟΣ', NULL, 'Α'),
(216, 'ΑΝΔΡΕΑΣ ΚΟΥΤΣΟΥΜΠΑΣ', NULL, 'Α'),
(217, 'ΙΩΑΝΝΗΣ ΚΑΡΑΜΠΕΛΑΣ', NULL, 'Α'),
(218, 'ΤΙΜΟΛΕΩΝ ΚΟΨΑΧΕΙΛΗΣ', NULL, 'Α'),
(219, 'ΔΗΜΗΤΡΙΟΣ ΚΥΡΙΑΖΙΔΗΣ', NULL, 'Α'),
(220, 'ΒΑΣΙΛΕΙΟΣ-ΝΙΚΟΛΑΟΣ ΥΨΗΛΑΝΤΗΣ', NULL, 'Α'),
(221, 'ΕΜΜΑΝΟΥΗΛ ΚΟΝΣΟΛΑΣ', NULL, 'Α'),
(222, 'ΚΥΡΙΑΚΟΣ ΓΕΡΟΝΤΟΠΟΥΛΟΣ', NULL, 'Α'),
(223, 'ΑΛΕΞΑΝΔΡΟΣ ΔΕΡΜΕΝΤΖΟΠΟΥΛΟΣ', NULL, 'Α'),
(224, 'ΚΩΝΣΤΑΝΤΙΝΟΣ ΜΑΡΚΟΠΟΥΛΟΣ', NULL, 'Α'),
(225, 'ΣΙΜΟΣ ΚΕΔΙΚΟΓΛΟΥ', NULL, 'Α'),
(226, 'ΚΩΝΣΤΑΝΤΙΝΟΣ ΚΟΝΤΟΓΕΩΡΓΟΣ', NULL, 'Α'),
(227, 'ΚΩΝΣΤΑΝΤΙΝΟΣ ΤΖΑΒΑΡΑΣ', NULL, 'Α'),
(228, 'ΓΕΩΡΓΙΟΣ ΚΟΝΤΟΓΙΑΝΝΗΣ', NULL, 'Α'),
(229, 'ΔΙΟΝΥΣΙΑ-ΘΕΟΔΩΡΑ ΑΥΓΕΡΙΝΟΠΟΥΛΟΥ', NULL, 'Γ'),
(230, 'ΑΝΔΡΕΑΣ ΜΑΡΙΝΟΣ', NULL, 'Α'),
(231, 'ΛΑΖΑΡΟΣ ΤΣΑΒΔΑΡΙΔΗΣ', NULL, 'Α'),
(232, 'ΓΕΩΡΓΙΑ ΜΠΑΤΣΑΡΑ', NULL, 'Γ'),
(233, 'ΑΠΟΣΤΟΛΟΣ ΒΕΣΥΡΟΠΟΥΛΟΣ', NULL, 'Α'),
(234, 'ΜΑΝΩΛΗΣ ΚΕΦΑΛΟΓΙΑΝΝΗΣ', NULL, 'Α'),
(235, 'ΜΑΞΙΜΟΣ ΣΕΝΕΤΑΚΗΣ', NULL, 'Α'),
(236, 'ΛΕΥΤΕΡΗΣ ΑΥΓΕΝΑΚΗΣ', NULL, 'Α'),
(237, 'ΧΡΗΣΤΟΣ ΜΑΡΚΟΓΙΑΝΝΑΚΗΣ', NULL, 'Α'),
(238, 'ΚΥΡΙΑΚΟΣ ΒΙΡΒΙΔΑΚΗΣ', NULL, 'Α'),
(239, 'ΜΑΝΟΥΣΟΣ-ΚΩΝΣΤΑΝΤΙΝΟΣ ΒΟΛΟΥΔΑΚΗΣ', NULL, 'Α'),
(240, 'ΙΩΑΝΝΗΣ ΠΛΑΚΙΩΤΑΚΗΣ', NULL, 'Α'),
(241, 'ΓΙΑΝΝΗΣ ΚΕΦΑΛΟΓΙΑΝΝΗΣ', NULL, 'Α'),
(242, 'ΑΝΤΩΝΙΟΣ ΜΠΕΖΑΣ', NULL, 'Α'),
(243, 'ΚΩΣΤΑΝΤΙΝΟΣ ΚΑΡΑΜΑΝΛΗΣ', NULL, 'Α'),
(244, 'ΓΕΩΡΓΙΟΣ ΟΡΦΑΝΟΣ', NULL, 'Α'),
(245, 'ΚΩΝΣΤΑΝΤΙΝΟΣ ΓΚΙΟΥΛΕΚΑΣ', NULL, 'Α'),
(246, 'ΓΙΑΝΝΗΣ ΙΩΑΝΝΙΔΗΣ', NULL, 'Α'),
(247, 'ΣΤΑΥΡΟΣ ΚΑΛΑΦΑΤΗΣ', NULL, 'Α'),
(248, 'ΕΛΕΝΗ ΡΑΠΤΗ', NULL, 'Γ'),
(249, 'ΘΕΟΔΩΡΟΣ ΚΑΡΑΟΓΛΟΥ', NULL, 'Α'),
(250, 'ΣΑΒΒΑΣ ΑΝΑΣΤΑΣΙΑΔΗΣ', NULL, 'Α'),
(251, 'ΚΩΝΣΤΑΝΤΙΝΟΣ ΤΑΣΟΥΛΑΣ', NULL, 'Α'),
(252, 'ΑΝΝΑ-ΜΙΣΕΛ ΑΣΗΜΑΚΟΠΟΥΛΟΥ', NULL, 'Γ'),
(253, 'ΣΤΑΥΡΟΣ ΚΑΛΟΓΙΑΝΝΗΣ', NULL, 'Α'),
(254, 'ΝΙΚΟΛΑΟΣ ΠΑΝΑΓΙΩΤΟΠΟΥΛΟΣ', NULL, 'Α'),
(255, 'ΚΩΝΣΤΑΝΤΙΝΟΣ ΚΛΕΙΤΣΙΩΤΗΣ', NULL, 'Α'),
(256, 'ΓΕΩΡΓΙΟΣ ΚΑΛΑΝΤΖΗΣ', NULL, 'Α'),
(257, 'ΙΩΑΝΝΗΣ ΠΑΣΧΑΛΙΔΗΣ', NULL, 'Α'),
(258, 'ΚΩΝΣΤΑΝΤΙΝΟΣ ΤΣΙΑΡΑΣ', NULL, 'Α'),
(259, 'ΓΕΩΡΓΙΟΣ ΑΝΑΓΝΩΣΤΟΠΟΥΛΟΣ', NULL, 'Α'),
(260, 'ΠΑΥΛΟΣ ΣΙΟΥΦΑΣ', NULL, 'Α'),
(261, 'ΑΣΗΜΙΝΑ ΣΚΟΝΔΡΑ', NULL, 'Γ'),
(262, 'ΣΠΥΡΙΔΩΝ ΤΑΛΙΑΔΟΥΡΟΣ', NULL, 'Α'),
(263, 'ΜΑΡΙΑ ΑΝΤΩΝΙΟΥ', NULL, 'Γ'),
(264, 'ΝΙΚΟΛΑΟΣ ΔΕΝΔΙΑΣ', NULL, 'Α'),
(265, 'ΓΕΩΡΓΙΟΣ ΓΕΩΡΓΑΝΤΑΣ', NULL, 'Α'),
(266, 'ΜΙΧΑΛΗΣ ΠΑΠΑΔΟΠΟΥΛΟΣ', NULL, 'Α'),
(267, 'ΝΙΚΟΛΑΟΣ ΤΑΓΑΡΑΣ', NULL, 'Α'),
(268, 'ΚΩΝΣΤΑΝΤΙΝΟΣ ΚΟΛΛΙΑΣ', NULL, 'Α'),
(269, 'ΧΡΙΣΤΟΣ ΔΗΜΑΣ', NULL, 'Α'),
(270, 'ΙΩΑΝΝΗΣ ΒΡΟΥΤΣΗΣ', NULL, 'Α'),
(271, 'ΑΘΑΝΑΣΙΟΣ ΔΑΒΑΚΗΣ', NULL, 'Α'),
(272, 'ΦΕΒΡΩΝΙΑ ΠΑΤΡΙΑΝΑΚΟΥ', NULL, 'Γ'),
(273, 'ΜΑΞΙΜΟΣ ΧΑΡΑΚΟΠΟΥΛΟΣ', NULL, 'Α'),
(274, 'ΧΡΗΣΤΟΣ ΚΕΛΛΑΣ', NULL, 'Α'),
(275, 'ΠΑΥΛΟΣ ΒΟΓΙΑΤΖΗΣ', NULL, 'Α'),
(276, 'ΘΕΟΔΩΡΟΣ ΣΟΛΔΑΤΟΣ', NULL, 'Α'),
(277, 'ΖΩΗ ΜΑΚΡΗ', NULL, 'Γ'),
(278, 'ΝΑΚΟΣ ΑΘΑΝΑΣΙΟΣ', -1, 'Α'),
(279, 'ΔΗΜΗΤΡΗΣ ΣΑΜΠΑΖΙΩΤΗΣ', NULL, 'Α'),
(280, 'ΙΩΑΝΝΗΣ ΛΑΜΠΡΟΠΟΥΛΟΣ', NULL, 'Α'),
(281, 'ΑΛΕΞΑΝΔΡΟΣ ΚΟΝΤΟΣ', NULL, 'Α'),
(282, 'ΓΕΩΡΓΙΟΣ ΚΑΡΑΣΜΑΝΗΣ', NULL, 'Α'),
(283, 'ΙΟΡΔΑΝΗΣ ΤΖΑΜΤΖΗΣ', NULL, 'Α'),
(284, 'ΔΙΟΝΥΣΙΟΣ ΣΤΑΜΕΝΙΤΗΣ', NULL, 'Α'),
(285, 'ΚΩΝΣΤΑΝΤΙΝΟΣ ΚΟΥΚΟΔΗΜΟΣ', NULL, 'Α'),
(286, 'ΑΝΝΑ ΜΑΝΗ-ΠΑΠΑΔΗΜΗΤΡΙΟΥ', NULL, 'Γ'),
(287, 'ΓΕΩΡΓΙΟΣ ΚΩΣΤΑΝΤΟΠΟΥΛΟΣ', NULL, 'Α'),
(288, 'ΔΗΜΗΤΡΙΟΣ ΧΡΙΣΤΟΓΙΑΝΝΗΣ', NULL, 'Α'),
(289, 'ΔΗΜΗΤΡΙΟΣ ΤΣΟΥΜΑΝΗΣ', NULL, 'Α'),
(290, 'ΕΥΡΥΠΙΔΗΣ ΣΤΥΛΙΑΝΙΔΗΣ', NULL, 'Α'),
(291, 'ΜΕΝΕΛΑΟΣ ΒΛΑΧΒΕΗΣ', NULL, 'Α'),
(292, 'ΘΕΟΦΙΛΟΣ ΛΕΟΝΤΑΡΙΔΗΣ', NULL, 'Α'),
(293, 'ΦΩΤΕΙΝΗ ΑΡΑΜΠΑΤΖΗ', NULL, 'Α'),
(294, 'ΗΛΙΑΣ ΒΛΑΧΟΓΙΑΝΝΗΣ', NULL, 'Α'),
(295, 'ΜΙΧΑΗΛ ΤΑΜΗΛΟΣ', NULL, 'Α'),
(296, 'ΚΩΝΣΤΑΝΤΙΝΟΣ ΣΚΡΕΚΑΣ', NULL, 'Α'),
(297, 'ΧΡΗΣΤΟΣ ΣΤΑΙΚΟΥΡΑΣ', NULL, 'Α'),
(298, 'ΕΛΕΝΗ ΜΑΚΡΗ-ΘΕΟΔΩΡΟΥ', NULL, 'Γ'),
(299, 'ΚΩΝΣΤΑΝΤΙΝΟΣ ΚΟΥΤΣΟΓΙΑΝΝΟΠΟΥΛΟΣ', NULL, 'Α'),
(300, 'ΕΥΣΤΑΘΙΟΣ ΚΩΝΣΤΑΝΤΙΝΙΔΗΣ', NULL, 'Α'),
(301, 'ΑΣΠΑΣΙΑ ΜΑΝΔΡΕΚΑ', NULL, 'Γ'),
(302, 'ΕΥΘΥΜΙΟΣ ΚΑΡΑΝΑΣΙΟΣ', NULL, 'Α'),
(303, 'ΚΩΝΣΤΑΝΤΙΝΟΣ ΜΟΥΣΟΥΡΟΥΛΗΣ', NULL, 'Α'),
(304, 'ΓΙΑΝΝΗΣ ΣΤΟΥΡΝΑΡΑΣ', NULL, 'Α'),
(305, 'ΑΝΤΩΝΗΣ ΡΟΥΠΑΚΙΩΤΗΣ', NULL, 'Α'),
(306, 'ΕΥΑΓΓΕΛΟΣ ΛΙΒΕΡΙΑΤΟΣ', NULL, 'Α'),
(307, 'ΔΗΜΗΤΡΗΣ ΚΟΥΤΣΟΥΜΠΑΣ', NULL, 'Α');

-- --------------------------------------------------------

--
-- Table structure for table `persons_occupations`
--

CREATE TABLE IF NOT EXISTS `persons_occupations` (
  `persons_occupations_id` int(10) unsigned NOT NULL AUTO_INCREMENT,
  `subject` varchar(100) DEFAULT NULL COMMENT 'The subject category of this occupation',
  `person_id` int(10) unsigned DEFAULT NULL,
  `occupation` varchar(100) DEFAULT NULL,
  PRIMARY KEY (`persons_occupations_id`),
  KEY `fk_persons_occupations_persons_id` (`person_id`)
) ENGINE=InnoDB  DEFAULT CHARSET=utf8 AUTO_INCREMENT=247 ;

--
-- Dumping data for table `persons_occupations`
--

INSERT INTO `persons_occupations` (`persons_occupations_id`, `subject`, `person_id`, `occupation`) VALUES
(1, 'ΠΑΙΔΕΙΑ', 16, 'ΕΚΠΑΙΔΕΥΤΙΚΟΣ'),
(2, 'ΠΑΙΔΕΙΑ', 21, 'ΚΑΘΗΓ. ΠΑΝΕΠΙΣΤΗΜΙΟΥ'),
(3, 'ΔΙΚΑΙΟΣΥΝΗ', 22, 'ΔΙΚΗΓΟΡΟΣ'),
(4, '', 23, 'ΔΗΜΟΣΙΟΓΡΑΦΟΣ'),
(5, '', 23, 'ΜΟΥΣΙΚΟΣ ΠΑΡΑΓΩΓΟΣ'),
(6, 'ΔΙΚΑΙΟΣΥΝΗ', 24, 'ΔΙΚΗΓΟΡΟΣ'),
(7, 'ΠΑΙΔΕΙΑ', 25, 'ΚΑΘΗΓ. ΠΑΝΕΠΙΣΤΗΜΙΟΥ'),
(8, '', 27, 'ΠΟΛΙΤΙΚΟΣ ΜΗΧΑΝΙΚΟΣ'),
(9, '', 28, 'ΙΔΙΩΤΙΚΟΣ ΥΠΑΛΛΗΛΟΣ'),
(10, 'ΔΙΚΑΙΟΣΥΝΗ', 29, 'ΔΙΚΗΓΟΡΟΣ'),
(11, 'ΠΑΙΔΕΙΑ', 30, 'ΕΚΠΑΙΔΕΥΤΙΚΟΣ Α/ΘΜΙΑ'),
(12, '', 32, 'ΑΡΧΙΤΕΚΤΩΝ ΜΗΧΑΝΙΚΟΣ'),
(13, '', 33, 'ΗΘΟΠΟΙΟΣ'),
(14, '', 33, 'ΣΥΓΓΡΑΦΕΑΣ'),
(15, 'ΥΓΕΙΑ', 34, 'ΙΑΤΡΟΣ'),
(16, 'ΠΑΙΔΕΙΑ', 36, 'ΚΑΘΗΓ. ΠΑΝΕΠΙΣΤΗΜΙΟΥ'),
(17, '', 37, 'ΣΥΓΓΡΑΦΕΑΣ'),
(18, '', 37, 'ΔΗΜΟΣΙΟΓΡΑΦΟΣ'),
(19, 'ΠΑΙΔΕΙΑ', 38, 'ΕΚΠΑΙΔΕΥΤΙΚΟΣ Β/ΒΑΘΜΙΑ'),
(20, '', 39, 'ΦΑΡΜΑΚΟΠΟΙΟΣ'),
(21, 'ΔΙΚΑΙΟΣΥΝΗ', 40, 'ΔΙΚΗΓΟΡΟΣ'),
(22, '', 41, 'ΔΗΜ. ΥΠΑΛΛΗΛΟΣ'),
(23, 'ΟΙΚΟΝΟΜΙΑ', 42, 'ΟΙΚΟΝΟΜΟΛΟΓΟΣ'),
(24, '', 43, 'ΔΗΜΟΣΙΟΓΡΑΦΟΣ'),
(25, 'ΠΕΡΙΒΑΛΛΟΝ', 43, 'ΓΕΩΠΟΝΟΣ'),
(26, '', 44, 'ΠΟΛΙΤΙΚΟΣ ΕΠΙΣΤΗΜΩΝ'),
(27, 'ΟΙΚΟΝΟΜΙΑ', 44, 'ΟΙΚΟΝΟΜΟΛΟΓΟΣ'),
(28, '', 46, 'ΒΟΥΛΕΥΤΗΣ'),
(29, 'ΠΑΙΔΕΙΑ', 47, 'ΕΚΠΑΙΔΕΥΤΙΚΟΣ'),
(30, '', 48, 'ΕΚΔΟΤΗΣ'),
(31, 'ΔΙΚΑΙΟΣΥΝΗ', 50, 'ΔΙΚΗΓΟΡΟΣ'),
(32, 'ΠΕΡΙΒΑΛΛΟΝ', 51, 'ΓΕΩΠΟΝΟΣ'),
(33, '', 53, 'ΟΙΚΟΔΟΜΟΣ'),
(34, 'ΟΙΚΟΝΟΜΙΑ', 54, 'ΟΙΚΟΝΟΜΟΛΟΓΟΣ'),
(35, 'ΥΓΕΙΑ', 56, 'ΙΑΤΡΟΣ'),
(36, '', 57, 'ΥΠΑΛΛΗΛΟΣ ΥΠ. ΑΜΥΝΗΣ'),
(37, '', 58, 'ΗΛΕΚΤΡΟΛΟΓΟΣ ΜΗΧΑΝΙΚΟΣ'),
(38, 'ΔΙΚΑΙΟΣΥΝΗ', 59, 'ΔΙΚΗΓΟΡΟΣ'),
(39, 'ΔΙΚΑΙΟΣΥΝΗ', 60, 'ΔΙΚΗΓΟΡΟΣ'),
(40, 'ΠΑΙΔΕΙΑ', 61, 'ΚΑΘΗΓ. ΠΑΝΕΠΙΣΤΗΜΙΟΥ'),
(41, 'ΠΑΙΔΕΙΑ', 62, 'ΚΑΘΗΓ. ΠΑΝΕΠΙΣΤΗΜΙΟΥ'),
(42, '', 64, 'ΙΔΙΩΤΙΚΟΣ ΥΠΑΛΛΗΛΟΣ'),
(43, 'ΥΓΕΙΑ', 65, 'ΙΑΤΡΟΣ'),
(45, 'ΔΙΚΑΙΟΣΥΝΗ', 66, 'ΔΙΚΗΓΟΡΟΣ'),
(46, 'ΠΕΡΙΒΑΛΛΟΝ', 67, 'ΓΕΩΡΓΟΣ'),
(47, 'ΠΕΡΙΒΑΛΛΟΝ', 68, 'ΑΓΡΟΤΗΣ'),
(48, '', 69, 'ΧΗΜΙΚΟΣ ΜΗΧΑΝΙΚΟΣ'),
(49, '', 70, 'ΗΛΕΚΤΡΟΛΟΓΟΣ ΜΗΧΑΝΙΚΟΣ'),
(50, '', 71, 'ΑΡΧΙΤΕΚΤΟΝΑΣ'),
(51, '', 71, 'ΗΘΟΠΟΙΟΣ'),
(52, '', 72, 'ΗΛΕΚΤΡΟΛΟΓΟΣ ΜΗΧΑΝΟΛΟΓΟΣ'),
(53, 'ΟΙΚΟΝΟΜΙΑ', 73, 'ΤΡΑΠΕΖΙΚΟΣ'),
(54, 'ΟΙΚΟΝΟΜΙΑ', 73, 'ΟΙΚΟΝΟΜΟΛΟΓΟΣ'),
(55, 'ΟΙΚΟΝΟΜΙΑ', 74, 'ΟΙΚΟΝΟΜΟΛΟΓΟΣ'),
(56, 'ΥΓΕΙΑ', 75, 'ΙΑΤΡΟΣ'),
(57, 'ΠΑΙΔΕΙΑ', 76, 'ΚΑΘΗΓ. ΠΑΝΕΠΙΣΤΗΜΙΟΥ'),
(58, 'ΥΓΕΙΑ', 77, 'ΙΑΤΡΟΣ'),
(59, 'ΥΓΕΙΑ', 78, 'ΙΑΤΡΟΣ'),
(60, 'ΠΑΙΔΕΙΑ', 79, 'ΕΚΠΑΙΔΕΥΤΙΚΟΣ Β/ΒΑΘΜΙΑΣ'),
(61, '', 80, 'ΑΡΧΙΤΕΚΤΟΝΑΣ'),
(62, 'ΔΙΚΑΙΟΣΥΝΗ', 81, 'ΔΙΚΗΓΟΡΟΣ'),
(63, 'ΥΓΕΙΑ', 82, 'ΙΑΤΡΟΣ'),
(64, '', 83, 'ΠΟΛΙΤΙΚΟΣ'),
(65, 'ΔΙΚΑΙΟΣΥΝΗ', 84, 'ΔΙΚΗΓΟΡΟΣ'),
(66, 'ΔΙΚΑΙΟΣΥΝΗ', 85, 'ΔΙΚΗΓΟΡΟΣ'),
(67, '', 87, 'ΜΟΝΤΕΛΟ ΜΟΔΑΣ'),
(68, 'ΟΙΚΟΝΟΜΙΑ', 88, 'ΟΙΚΟΝΟΜΟΛΟΓΟΣ'),
(69, 'ΔΙΚΑΙΟΣΥΝΗ', 89, 'ΔΙΚΗΓΟΡΟΣ'),
(70, '', 90, 'ΔΗΜΟΣΙΟΓΡΑΦΟΣ'),
(71, 'ΥΓΕΙΑ', 92, 'ΙΑΤΡΟΣ'),
(72, 'ΔΙΚΑΙΟΣΥΝΗ', 94, 'ΔΙΚΗΓΟΡΟΣ'),
(73, 'ΠΑΙΔΕΙΑ', 95, 'ΕΚΠΑΙΔΕΥΤΙΚΟΣ Β/ΒΑΘΜΙΑ'),
(74, '', 95, 'ΙΔΙΩΤΙΚΟΣ ΥΠΑΛΛΗΛΟΣ'),
(75, 'ΟΙΚΟΝΟΜΙΑ', 97, 'ΟΙΚΟΝΟΜΟΛΟΓΟΣ'),
(76, 'ΔΙΚΑΙΟΣΥΝΗ', 99, 'ΔΙΚΗΓΟΡΟΣ'),
(77, '', 101, 'ΥΠΑΛΛΗΛΟΣ ΥΠ. ΠΕΡΙΒΑΛΛΟΝΤΟΣ'),
(78, 'ΔΙΚΑΙΟΣΥΝΗ', 103, 'ΔΙΚΗΓΟΡΟΣ'),
(79, 'ΠΑΙΔΕΙΑ', 105, 'ΚΑΘΗΓ. ΠΑΝΕΠΙΣΤΗΜΙΟΥ'),
(80, 'ΟΙΚΟΝΟΜΙΑ', 106, 'ΤΡΑΠΕΖΙΚΟΣ'),
(81, '', 107, 'ΠΟΛΙΤΙΚΟΣ ΜΗΧΑΝΙΚΟΣ'),
(82, '', 108, 'ΠΟΛΙΤΙΚΟΣ ΜΗΧΑΝΙΚΟΣ'),
(83, 'ΔΙΚΑΙΟΣΥΝΗ', 110, 'ΔΙΚΗΓΟΡΟΣ'),
(84, 'ΠΑΙΔΕΙΑ', 111, 'ΕΚΠΑΙΔΕΥΤΙΚΟΣ Α/ΒΑΘΜΙΑ'),
(85, '', 112, 'ΨΥΧΟΘΕΡΑΠΕΥΤΡΙΑ'),
(86, 'ΔΙΚΑΙΟΣΥΝΗ', 113, 'ΔΙΚΗΓΟΡΟΣ'),
(87, 'ΠΕΡΙΒΑΛΛΟΝ', 114, 'ΓΕΩΛΟΓΟΣ'),
(88, '', 115, 'ΜΗΧΑΝΙΚΟΣ'),
(89, 'ΠΑΙΔΕΙΑ', 116, 'ΚΑΘΗΓ. ΠΑΝΕΠΙΣΤΗΜΙΟΥ'),
(90, 'ΟΙΚΟΝΟΜΙΑ', 117, 'ΟΙΚΟΝΟΜΟΛΟΓΟΣ'),
(91, 'ΠΑΙΔΕΙΑ', 120, 'ΚΑΘΗΓ. ΠΑΝΕΠΙΣΤΗΜΙΟΥ'),
(92, '', 121, 'ΔΗΜΟΣΙΟΣ ΥΠΑΛΛΗΛΟΣ'),
(93, 'ΟΙΚΟΝΟΜΙΑ', 123, 'ΟΙΚΟΝΟΜΟΛΟΓΟΣ'),
(94, '', 125, 'ΗΘΟΠΟΙΟΣ'),
(95, '', 126, 'ΔΗΜΟΣΙΟΓΡΑΦΟΣ'),
(96, 'ΔΙΚΑΙΟΣΥΝΗ', 127, 'ΔΙΚΗΓΟΡΟΣ'),
(97, 'ΠΑΙΔΕΙΑ', 128, 'ΕΚΠΑΙΔΕΥΤΙΚΟΣ Β/ΒΑΘΜΙΑ'),
(98, 'ΠΑΙΔΕΙΑ', 130, 'ΚΑΘΗΓ. ΠΑΝΕΠΙΣΤΗΜΙΟΥ'),
(99, 'ΠΑΙΔΕΙΑ', 132, 'ΕΚΠΑΙΔΕΥΤΙΚΟΣ Α/ΒΑΘΜΙΑ'),
(100, '', 134, 'ΕΜΠΟΡΟΣ'),
(101, 'ΠΑΙΔΕΙΑ', 136, 'ΕΚΠΑΙΔΕΥΤΙΚΟΣ Β/ΒΑΘΜΙΑ'),
(102, 'ΥΓΕΙΑ', 139, 'ΙΑΤΡΟΣ'),
(103, '', 140, 'ΤΕΧΝΟΛΟΓΟΣ ΑΚΤΙΝΟΛΟΓΟΣ'),
(104, '', 144, 'ΔΗΜΟΣΙΟΣ ΥΠΑΛΛΗΛΟΣ'),
(105, 'ΟΙΚΟΝΟΜΙΑ', 145, 'ΤΡΑΠΕΖΙΚΟΣ'),
(106, 'ΔΙΚΑΙΟΣΥΝΗ', 146, 'ΔΙΚΗΓΟΡΟΣ'),
(107, 'ΠΑΙΔΕΙΑ', 147, 'ΕΚΠΑΙΔΕΥΤΙΚΟΣ Α/ΒΑΘΜΙΑ'),
(108, 'ΠΑΙΔΕΙΑ', 147, 'ΕΚΠΑΙΔΕΥΤΙΚΟΣ Β/ΒΑΘΜΙΑ'),
(109, 'ΠΑΙΔΕΙΑ', 148, 'ΕΚΠΑΙΔΕΥΤΙΚΟΣ'),
(110, '', 149, 'ΦΑΡΜΑΚΟΠΟΙΟΣ'),
(111, 'ΥΓΕΙΑ', 150, 'ΙΑΤΡΟΣ'),
(112, 'ΥΓΕΙΑ', 151, 'ΙΑΤΡΟΣ'),
(113, '', 153, 'ΑΡΧΙΤΕΚΤΩΝ-ΜΗΧΑΝΙΚΟΣ'),
(114, '', 155, 'ΦΑΡΜΑΚΟΠΟΙΟΣ'),
(115, 'ΟΙΚΟΝΟΜΙΑ', 158, 'ΟΙΚΟΝΟΜΟΛΟΓΟΣ'),
(116, 'ΟΙΚΟΝΟΜΙΑ', 159, 'ΟΙΚΟΝΟΜΟΛΟΓΟΣ'),
(117, '', 160, 'ΦΑΡΜΑΚΟΠΟΙΟΣ'),
(118, '', 162, 'ΙΔΙΩΤΙΚΟΣ ΥΠΑΛΛΗΛΟΣ'),
(119, 'ΠΑΙΔΕΙΑ', 163, 'ΕΚΠΑΙΔΕΥΤΙΚΟΣ Β/ΒΑΘΜΙΑ'),
(120, '', 164, 'ΦΑΡΜΑΚΟΠΟΙΟΣ'),
(121, 'ΥΓΕΙΑ', 166, 'ΙΑΤΡΟΣ'),
(122, 'ΠΕΡΙΒΑΛΛΟΝ', 168, 'ΓΕΩΠΟΝΟΣ'),
(123, 'ΠΑΙΔΕΙΑ', 170, 'ΕΚΠΑΙΔΕΥΤΙΚΟΣ Β/ΒΑΘΜΙΑ'),
(124, 'ΠΑΙΔΕΙΑ', 172, 'ΕΚΠΑΙΔΕΥΤΙΚΟΣ'),
(125, 'ΠΕΡΙΒΑΛΛΟΝ', 173, 'ΔΑΣΟΛΟΓΟΣ'),
(126, 'ΠΑΙΔΕΙΑ', 174, 'ΚΑΘΗΓ. ΠΑΝΕΠΙΣΤΗΜΙΟΥ'),
(127, 'ΥΓΕΙΑ', 175, 'ΙΑΤΡΟΣ'),
(128, 'ΟΙΚΟΝΟΜΙΑ', 176, 'ΟΙΚΟΝΟΜΟΛΟΓΟΣ'),
(129, '', 180, 'ΔΗΜΟΣΙΟΓΡΑΦΟΣ'),
(130, 'ΔΙΚΑΙΟΣΥΝΗ', 181, 'ΔΙΚΗΓΟΡΟΣ'),
(131, '', 182, 'ΔΙΠΛΩΜΑΤΗΣ ΚΑΡΡΙΕΡΑΣ'),
(132, 'ΥΓΕΙΑ', 183, 'ΙΑΤΡΟΣ'),
(133, '', 184, 'ΔΗΜΟΣΙΟΓΡΑΦΟΣ'),
(134, 'ΥΓΕΙΑ', 185, 'ΙΑΤΡΟΣ'),
(135, 'ΟΙΚΟΝΟΜΙΑ', 186, 'ΟΙΚΟΝΟΜΟΛΟΓΟΣ'),
(136, 'ΠΑΙΔΕΙΑ', 187, 'ΚΑΘΗΓ. ΠΑΝΕΠΙΣΤΗΜΙΟΥ'),
(137, '', 188, 'ΔΙΠΛΩΜΑΤΗΣ'),
(138, 'ΟΙΚΟΝΟΜΙΑ', 189, 'ΟΙΚΟΝΟΜΟΛΟΓΟΣ'),
(139, '', 189, 'ΠΟΛΙΤΙΚΟΣ ΕΠΙΣΤΗΜΩΝ'),
(140, '', 191, 'ΑΡΧΙΣΥΝΤΑΚΤΗΣ'),
(141, '', 192, 'ΔΗΜΟΣΙΟΓΡΑΦΟΣ'),
(142, 'ΔΙΚΑΙΟΣΥΝΗ', 193, 'ΔΙΚΗΓΟΡΟΣ'),
(143, '', 194, 'ΕΚΔΟΤΗΣ'),
(144, '', 194, 'ΙΣΤΟΡΙΚΟΣ'),
(145, 'ΔΙΚΑΙΟΣΥΝΗ', 195, 'ΔΙΚΗΓΟΡΟΣ'),
(146, '', 196, 'ΠΟΛΙΤΙΚΟΣ ΕΠΙΣΤΗΜΩΝ'),
(147, '', 196, 'ΕΠΙΚΟΙΝΩΝΙΟΛΟΓΟΣ'),
(148, 'ΥΓΕΙΑ', 197, 'ΙΑΤΡΟΣ'),
(149, '', 198, 'ΔΗΜΟΣΙΟΓΡΑΦΟΣ'),
(150, 'ΔΙΚΑΙΟΣΥΝΗ', 199, 'ΔΙΚΗΓΟΡΟΣ'),
(151, '', 199, 'ΔΗΜΟΣΙΟΓΡΑΦΟΣ'),
(152, 'ΔΙΚΑΙΟΣΥΝΗ', 200, 'ΔΙΚΗΓΟΡΟΣ'),
(153, 'ΠΑΙΔΕΙΑ', 201, 'ΚΑΘΗΓ. ΠΑΝΕΠΙΣΤΗΜΙΟΥ'),
(154, '', 202, 'ΥΠΑΛΛΗΛΟΣ ΠΡΟΠΟ'),
(155, '', 203, 'ΤΟΠΟΓΡΑΦΟΣ ΜΗΧΑΝΙΚΟΣ'),
(156, 'ΔΙΚΑΙΟΣΥΝΗ', 204, 'ΔΙΚΗΓΟΡΟΣ'),
(157, 'ΔΙΚΑΙΟΣΥΝΗ', 205, 'ΔΙΚΗΓΟΡΟΣ'),
(158, '', 206, 'ΝΑΥΤΙΛΙΑΚΑ'),
(159, 'ΠΑΙΔΕΙΑ', 207, 'ΚΑΘΗΓ. ΠΑΝΕΠΙΣΤΗΜΙΟΥ'),
(160, 'ΠΕΡΙΒΑΛΛΟΝ', 208, 'ΓΕΩΠΟΝΟΣ'),
(161, 'ΥΓΕΙΑ', 209, 'ΙΑΤΡΟΣ'),
(162, '', 211, 'ΔΗΜΟΣΙΟΓΡΑΦΟΣ'),
(163, '', 212, 'ΒΙΟΜΗΧΑΝΙΚΟΣ ΕΡΓΑΤΗΣ'),
(164, '', 212, 'ΑΡΧΙΣΥΝΤΑΚΤΗΣ'),
(165, '', 212, 'ΠΟΛΙΤΙΚΟΣ ΑΝΑΛΥΤΗΣ'),
(166, 'ΔΙΚΑΙΟΣΥΝΗ', 215, 'ΔΙΚΗΓΟΡΟΣ'),
(167, 'ΔΙΚΑΙΟΣΥΝΗ', 216, 'ΔΙΚΗΓΟΡΟΣ'),
(168, '', 218, 'ΕΠΙΧΕΙΡΗΜΑΤΙΑΣ'),
(169, 'ΔΙΚΑΙΟΣΥΝΗ', 220, 'ΔΙΚΗΓΟΡΟΣ'),
(170, 'ΥΓΕΙΑ', 222, 'ΙΑΤΡΟΣ'),
(171, '', 223, 'ΠΟΛΙΤΙΚΟΣ ΜΗΧΑΝΙΚΟΣ'),
(172, 'ΥΓΕΙΑ', 224, 'ΙΑΤΡΟΣ'),
(173, '', 225, 'ΔΗΜΟΣΙΟΓΡΑΦΟΣ'),
(174, 'ΟΙΚΟΝΟΜΙΑ', 226, 'ΟΙΚΟΝΟΜΟΛΟΓΟΣ'),
(175, 'ΔΙΚΑΙΟΣΥΝΗ', 227, 'ΔΙΚΗΓΟΡΟΣ'),
(176, '', 228, 'ΔΗΜΟΣΙΟΓΡΑΦΟΣ'),
(177, 'ΔΙΚΑΙΟΣΥΝΗ', 229, 'ΔΙΚΗΓΟΡΟΣ'),
(178, 'ΟΙΚΟΝΟΜΙΑ', 230, 'ΥΠΑΛΛΗΛΟΣ ΥΠΟΙΚ'),
(179, 'ΔΙΚΑΙΟΣΥΝΗ', 231, 'ΔΙΚΗΓΟΡΟΣ'),
(180, 'ΠΑΙΔΕΙΑ', 232, 'ΕΚΠΑΙΔΕΥΤΙΚΟΣ Β/ΒΑΘΜΙΑ'),
(181, '', 233, 'ΔΗΜΟΣΙΟΣ ΥΠΑΛΛΗΛΟΣ'),
(182, 'ΟΙΚΟΝΟΜΙΑ', 234, 'ΟΙΚΟΝΟΜΟΛΟΓΟΣ'),
(183, '', 235, 'ΠΟΛΙΤΙΚΟΣ ΜΗΧΑΝΙΚΟΣ'),
(184, '', 236, 'ΤΟΠΟΓΡΑΦΟΣ ΜΗΧΑΝΙΚΟΣ'),
(185, 'ΔΙΚΑΙΟΣΥΝΗ', 237, 'ΔΙΚΗΓΟΡΟΣ'),
(186, 'ΥΓΕΙΑ', 238, 'ΙΑΤΡΟΣ'),
(187, 'ΟΙΚΟΝΟΜΙΑ', 239, 'ΟΙΚΟΝΟΜΟΛΟΓΟΣ'),
(188, '', 240, 'ΒΙΟΧΗΜΙΚΟΣ ΜΗΧΑΝΙΚΟΣ'),
(189, '', 240, 'ΕΠΙΧΕΙΡΗΜΑΤΙΑΣ'),
(190, 'ΔΙΚΑΙΟΣΥΝΗ', 241, 'ΔΙΚΗΓΟΡΟΣ'),
(191, 'ΥΓΕΙΑ', 242, 'ΙΑΤΡΟΣ'),
(192, 'ΔΙΚΑΙΟΣΥΝΗ', 243, 'ΔΙΚΗΓΟΡΟΣ'),
(193, '', 243, 'ΔΙΕΘΝΟΛΟΓΟΣ'),
(194, '', 244, 'ΠΟΛΙΤΙΚΟΣ ΜΗΧΑΝΙΚΟΣ'),
(195, '', 244, 'ΜΗΧΑΝΟΛΟΓΟΣ ΜΗΧΑΝΙΚΟΣ'),
(196, 'ΔΙΚΑΙΟΣΥΝΗ', 245, 'ΔΙΚΗΓΟΡΟΣ'),
(197, 'ΠΕΡΙΒΑΛΛΟΝ', 246, 'ΓΕΩΠΟΝΟΣ'),
(198, '', 246, 'ΠΡΟΠΟΝΗΤΗΣ'),
(199, 'ΔΙΚΑΙΟΣΥΝΗ', 247, 'ΔΙΚΗΓΟΡΟΣ'),
(200, '', 248, 'ΕΛΕΥΘΕΡΟΣ ΕΠΑΓΓΕΛΜΑΤΙΑΣ'),
(201, 'ΟΙΚΟΝΟΜΙΑ', 249, 'ΟΙΚΟΝΟΜΟΛΟΓΟΣ'),
(202, 'ΟΙΚΟΝΟΜΙΑ', 250, 'ΟΙΚΟΝΟΜΟΛΟΓΟΣ'),
(203, 'ΔΙΚΑΙΟΣΥΝΗ', 251, 'ΔΙΚΗΓΟΡΟΣ'),
(204, 'ΟΙΚΟΝΟΜΙΑ', 252, 'ΟΙΚΟΝΟΜΟΛΟΓΟΣ'),
(205, '', 253, 'ΠΟΛΙΤΙΚΟΣ ΜΗΧΑΝΙΚΟΣ'),
(206, 'ΔΙΚΑΙΟΣΥΝΗ', 254, 'ΔΙΚΗΓΟΡΟΣ'),
(207, 'ΟΙΚΟΝΟΜΙΑ', 255, 'ΟΙΚΟΝΟΜΟΛΟΓΟΣ'),
(208, '', 256, 'ΦΑΡΜΑΚΟΠΟΙΟΣ'),
(209, 'ΥΓΕΙΑ', 258, 'ΙΑΤΡΟΣ'),
(210, 'ΔΙΚΑΙΟΣΥΝΗ', 261, 'ΝΟΜΙΚΟΣ ΥΠΑΛΛΗΛΟΣ'),
(211, 'ΔΙΚΑΙΟΣΥΝΗ', 262, 'ΝΟΜΙΚΟΣ ΥΠΑΛΛΗΛΟΣ'),
(212, 'ΠΕΡΙΒΑΛΛΟΝ', 263, 'ΔΑΣΟΛΟΓΟΣ'),
(213, 'ΔΙΚΑΙΟΣΥΝΗ', 264, 'ΔΙΚΗΓΟΡΟΣ'),
(214, 'ΔΙΚΑΙΟΣΥΝΗ', 265, 'ΔΙΚΗΓΟΡΟΣ'),
(215, 'ΠΑΙΔΕΙΑ', 266, 'ΕΚΠΑΙΔΕΥΤΙΚΟΣ Β/ΒΑΘΜΙΑ'),
(216, 'ΠΑΙΔΕΙΑ', 266, 'ΕΚΠΑΙΔΕΥΤΙΚΟΣ Γ/ΒΑΘΜΙΑ'),
(217, '', 267, 'ΠΟΛΙΤΙΚΟΣ ΜΗΧΑΝΙΚΟΣ'),
(218, '', 268, 'ΔΗΜΟΣΙΟΣ ΥΠΑΛΛΗΛΟΣ'),
(219, 'ΠΑΙΔΕΙΑ', 269, 'ΕΚΠΑΙΔΕΥΤΙΚΟΣ'),
(220, 'ΟΙΚΟΝΟΜΙΑ', 270, 'ΥΠΑΛΛΗΛΟΣ ΥΠΟΙΚ'),
(221, 'ΔΙΚΑΙΟΣΥΝΗ', 271, 'ΔΙΚΗΓΟΡΟΣ'),
(222, '', 272, 'ΠΟΛΙΤΙΚΟΣ ΜΗΧΑΝΙΚΟΣ'),
(223, '', 273, 'ΔΗΜΟΣΙΟΓΡΑΦΟΣ'),
(224, 'ΥΓΕΙΑ', 274, 'ΙΑΤΡΟΣ'),
(225, 'ΠΑΙΔΕΙΑ', 276, 'ΕΚΠΑΙΔΕΥΤΙΚΟΣ Β/ΒΑΘΜΙΑ'),
(226, 'ΔΙΚΑΙΟΣΥΝΗ', 277, 'ΔΙΚΗΓΟΡΟΣ'),
(227, 'ΠΑΙΔΕΙΑ', 279, 'ΕΚΠΑΙΔΕΥΤΙΚΟΣ'),
(228, 'ΔΙΚΑΙΟΣΥΝΗ', 280, 'ΔΙΚΗΓΟΡΟΣ'),
(229, '', 281, 'ΔΙΕΥΘΥΝΤΙΚΟ ΣΤΕΛΕΧΟΣ'),
(230, 'ΟΙΚΟΝΟΜΙΑ', 282, 'ΟΙΚΟΝΟΜΟΛΟΓΟΣ'),
(231, '', 283, 'ΠΟΛΙΤΙΚΟΣ ΕΠΙΣΤΗΜΩΝ'),
(232, 'ΠΕΡΙΒΑΛΛΟΝ', 283, 'ΑΓΡΟΤΗΣ'),
(233, '', 284, 'ΠΟΛΙΤΙΚΟΣ ΜΗΧΑΝΙΚΟΣ'),
(234, 'ΔΙΚΑΙΟΣΥΝΗ', 286, 'ΔΙΚΗΓΟΡΟΣ'),
(235, 'ΥΓΕΙΑ', 287, 'ΙΑΤΡΟΣ'),
(236, 'ΥΓΕΙΑ', 288, 'ΙΑΤΡΟΣ'),
(237, '', 289, 'ΠΟΛΙΤΙΚΟΣ ΜΗΧΑΝΙΚΟΣ'),
(238, 'ΔΙΚΑΙΟΣΥΝΗ', 290, 'ΔΙΚΗΓΟΡΟΣ'),
(239, '', 294, 'ΥΠΑΛΛΗΛΟΣ ΥΠ. ΑΜΥΝΗΣ'),
(240, '', 296, 'ΕΠΙΧΕΙΡΗΜΑΤΙΑΣ'),
(241, 'ΟΙΚΟΝΟΜΙΑ', 297, 'ΟΙΚΟΝΟΜΟΛΟΓΟΣ'),
(242, 'ΠΑΙΔΕΙΑ', 298, 'ΕΚΠΑΙΔΕΥΤΙΚΟΣ Α/ΒΑΘΜΙΑ'),
(243, 'ΔΙΚΑΙΟΣΥΝΗ', 299, 'ΔΙΚΗΓΟΡΟΣ'),
(244, 'ΟΙΚΟΝΟΜΙΑ', 300, 'ΥΠΑΛΛΗΛΟΣ ΥΠΟΙΚ'),
(245, '', 302, 'ΕΠΙΧΕΙΡΗΜΑΤΙΑΣ'),
(246, 'ΟΙΚΟΝΟΜΙΑ', 303, 'ΟΙΚΟΝΟΜΟΛΟΓΟΣ');

-- --------------------------------------------------------

--
-- Table structure for table `portfolios`
--

CREATE TABLE IF NOT EXISTS `portfolios` (
  `portfolio_id` int(10) unsigned NOT NULL AUTO_INCREMENT,
  `subject` varchar(50) DEFAULT NULL,
  `start_timestamp` datetime DEFAULT NULL,
  `end_timestamp` datetime DEFAULT NULL,
  `minister_id` int(10) unsigned NOT NULL,
  PRIMARY KEY (`portfolio_id`),
  KEY `fk_portfolios_minister_id` (`minister_id`)
) ENGINE=InnoDB  DEFAULT CHARSET=utf8 COMMENT='Represents the portfolios of the Ministers.' AUTO_INCREMENT=10 ;

--
-- Dumping data for table `portfolios`
--

INSERT INTO `portfolios` (`portfolio_id`, `subject`, `start_timestamp`, `end_timestamp`, `minister_id`) VALUES
(2, 'ΥΓΕΙΑ', '2012-06-17 00:00:00', '2013-06-24 00:00:00', 1),
(3, 'ΟΙΚΟΝΟΜΙΑ', '2012-06-17 00:00:00', '0000-00-00 00:00:00', 2),
(4, 'ΠΑΙΔΕΙΑ', '2012-06-17 00:00:00', '0000-00-00 00:00:00', 3),
(5, 'ΔΙΚΑΙΟΣΥΝΗ', '2012-06-17 00:00:00', '2013-06-24 00:00:00', 4),
(6, 'ΠΕΡΙΒΑΛΛΟΝ', '2012-06-17 00:00:00', '2013-06-24 00:00:00', 5),
(7, 'ΥΓΕΙΑ', '2013-06-24 00:00:00', '0000-00-00 00:00:00', 6),
(8, 'ΔΙΚΑΙΟΣΥΝΗ', '2013-06-24 00:00:00', '0000-00-00 00:00:00', 8),
(9, 'ΠΕΡΙΒΑΛΛΟΝ', '2013-06-24 00:00:00', '0000-00-00 00:00:00', 9);

-- --------------------------------------------------------

--
-- Table structure for table `prime_ministers`
--

CREATE TABLE IF NOT EXISTS `prime_ministers` (
  `prime_minister_id` int(10) unsigned NOT NULL AUTO_INCREMENT,
  `person_id` int(10) unsigned NOT NULL,
  PRIMARY KEY (`prime_minister_id`),
  KEY `fk_prime_ministers_persons_id` (`person_id`)
) ENGINE=InnoDB  DEFAULT CHARSET=utf8 COMMENT='Represents the Prime Ministers and is a sub-class of persons.' AUTO_INCREMENT=2 ;

--
-- Dumping data for table `prime_ministers`
--

INSERT INTO `prime_ministers` (`prime_minister_id`, `person_id`) VALUES
(1, 176);

--
-- Constraints for dumped tables
--

--
-- Constraints for table `answered_by`
--
ALTER TABLE `answered_by`
  ADD CONSTRAINT `fk_answered_by_interpellation_id` FOREIGN KEY (`interpellation_id`) REFERENCES `interpellations` (`interpellation_id`) ON DELETE NO ACTION ON UPDATE NO ACTION,
  ADD CONSTRAINT `fk_answered_by_minister_id` FOREIGN KEY (`minister_id`) REFERENCES `ministers` (`minister_id`) ON DELETE NO ACTION ON UPDATE NO ACTION;

--
-- Constraints for table `belongs`
--
ALTER TABLE `belongs`
  ADD CONSTRAINT `fk_belongs_mp_id` FOREIGN KEY (`mp_id`) REFERENCES `mps` (`mp_id`) ON DELETE NO ACTION ON UPDATE NO ACTION,
  ADD CONSTRAINT `fk_belongs_party_id` FOREIGN KEY (`party_id`) REFERENCES `parties` (`party_id`) ON DELETE NO ACTION ON UPDATE NO ACTION;

--
-- Constraints for table `elected`
--
ALTER TABLE `elected`
  ADD CONSTRAINT `fk_elected_mp_id` FOREIGN KEY (`mp_id`) REFERENCES `mps` (`mp_id`) ON DELETE NO ACTION ON UPDATE NO ACTION,
  ADD CONSTRAINT `fk_elected_parliament_cycle_id` FOREIGN KEY (`parliament_cycle_id`) REFERENCES `parliament_cycles` (`parliament_cycle_id`) ON DELETE NO ACTION ON UPDATE NO ACTION;

--
-- Constraints for table `governments`
--
ALTER TABLE `governments`
  ADD CONSTRAINT `fk_governments_parliament_cycle_id` FOREIGN KEY (`parliament_cycle_id`) REFERENCES `parliament_cycles` (`parliament_cycle_id`) ON DELETE NO ACTION ON UPDATE NO ACTION,
  ADD CONSTRAINT `fk_governments_prime_minister_id` FOREIGN KEY (`prime_minister_id`) REFERENCES `prime_ministers` (`prime_minister_id`) ON DELETE NO ACTION ON UPDATE NO ACTION;

--
-- Constraints for table `interpellations`
--
ALTER TABLE `interpellations`
  ADD CONSTRAINT `fk_interpellations_mp_id` FOREIGN KEY (`mp_id`) REFERENCES `mps` (`mp_id`) ON DELETE NO ACTION ON UPDATE NO ACTION,
  ADD CONSTRAINT `fk_interpellations_parliament_session_id` FOREIGN KEY (`parliament_session_id`) REFERENCES `parliament_sessions` (`parliament_session_id`) ON DELETE NO ACTION ON UPDATE NO ACTION;

--
-- Constraints for table `leads`
--
ALTER TABLE `leads`
  ADD CONSTRAINT `fk_leads_party_id` FOREIGN KEY (`party_id`) REFERENCES `parties` (`party_id`) ON DELETE NO ACTION ON UPDATE NO ACTION,
  ADD CONSTRAINT `fk_leads_party_leader_id` FOREIGN KEY (`party_leader_id`) REFERENCES `party_leaders` (`party_leader_id`) ON DELETE NO ACTION ON UPDATE NO ACTION;

--
-- Constraints for table `ministers`
--
ALTER TABLE `ministers`
  ADD CONSTRAINT `fk_ministers_persons_id` FOREIGN KEY (`person_id`) REFERENCES `persons` (`person_id`) ON DELETE NO ACTION ON UPDATE NO ACTION;

--
-- Constraints for table `minister_participates_government`
--
ALTER TABLE `minister_participates_government`
  ADD CONSTRAINT `fk_minister_participates_government_government_id` FOREIGN KEY (`government_id`) REFERENCES `governments` (`government_id`) ON DELETE NO ACTION ON UPDATE NO ACTION,
  ADD CONSTRAINT `fk_minister_participates_government_minister_id` FOREIGN KEY (`minister_id`) REFERENCES `ministers` (`minister_id`) ON DELETE NO ACTION ON UPDATE NO ACTION;

--
-- Constraints for table `mps`
--
ALTER TABLE `mps`
  ADD CONSTRAINT `fk_mps_persons_id` FOREIGN KEY (`person_id`) REFERENCES `persons` (`person_id`) ON DELETE NO ACTION ON UPDATE NO ACTION;

--
-- Constraints for table `parliament_sessions`
--
ALTER TABLE `parliament_sessions`
  ADD CONSTRAINT `fk_parliament_sessions_parliament_cycle_id` FOREIGN KEY (`parliament_cycle_id`) REFERENCES `parliament_cycles` (`parliament_cycle_id`) ON DELETE NO ACTION ON UPDATE NO ACTION;

--
-- Constraints for table `participate`
--
ALTER TABLE `participate`
  ADD CONSTRAINT `fk_participate_parliament_cycle_id` FOREIGN KEY (`parliament_cycle_id`) REFERENCES `parliament_cycles` (`parliament_cycle_id`) ON DELETE NO ACTION ON UPDATE NO ACTION,
  ADD CONSTRAINT `fk_participate_party_id` FOREIGN KEY (`party_id`) REFERENCES `parties` (`party_id`) ON DELETE NO ACTION ON UPDATE NO ACTION;

--
-- Constraints for table `party_leaders`
--
ALTER TABLE `party_leaders`
  ADD CONSTRAINT `fk_party_leaders_persons_id` FOREIGN KEY (`person_id`) REFERENCES `persons` (`person_id`) ON DELETE NO ACTION ON UPDATE NO ACTION;

--
-- Constraints for table `party_participates_government`
--
ALTER TABLE `party_participates_government`
  ADD CONSTRAINT `fk_party_participates_government_government_id` FOREIGN KEY (`government_id`) REFERENCES `governments` (`government_id`) ON DELETE NO ACTION ON UPDATE NO ACTION,
  ADD CONSTRAINT `fk_party_participates_government_party_id` FOREIGN KEY (`party_id`) REFERENCES `parties` (`party_id`) ON DELETE NO ACTION ON UPDATE NO ACTION;

--
-- Constraints for table `persons_occupations`
--
ALTER TABLE `persons_occupations`
  ADD CONSTRAINT `fk_persons_occupations_persons_id` FOREIGN KEY (`person_id`) REFERENCES `persons` (`person_id`) ON DELETE NO ACTION ON UPDATE NO ACTION;

--
-- Constraints for table `portfolios`
--
ALTER TABLE `portfolios`
  ADD CONSTRAINT `fk_portfolios_minister_id` FOREIGN KEY (`minister_id`) REFERENCES `ministers` (`minister_id`) ON DELETE NO ACTION ON UPDATE NO ACTION;

--
-- Constraints for table `prime_ministers`
--
ALTER TABLE `prime_ministers`
  ADD CONSTRAINT `fk_prime_ministers_persons_id` FOREIGN KEY (`person_id`) REFERENCES `persons` (`person_id`) ON DELETE NO ACTION ON UPDATE NO ACTION;

/*!40101 SET CHARACTER_SET_CLIENT=@OLD_CHARACTER_SET_CLIENT */;
/*!40101 SET CHARACTER_SET_RESULTS=@OLD_CHARACTER_SET_RESULTS */;
/*!40101 SET COLLATION_CONNECTION=@OLD_COLLATION_CONNECTION */;
